id,firstname,lastname,email,email2,profession
100,Sheree,Selway,Sheree.Selway@yopmail.com,Sheree.Selway@gmail.com,police officer
101,Genovera,Kevon,Genovera.Kevon@yopmail.com,Genovera.Kevon@gmail.com,doctor
102,Codie,Freddi,Codie.Freddi@yopmail.com,Codie.Freddi@gmail.com,police officer
103,Mamie,Nunci,Mamie.Nunci@yopmail.com,Mamie.Nunci@gmail.com,firefighter
104,Marylou,Adrienne,Marylou.Adrienne@yopmail.com,Marylou.Adrienne@gmail.com,firefighter
105,Debee,Diann,Debee.Diann@yopmail.com,Debee.Diann@gmail.com,firefighter
106,Ardenia,Pattin,Ardenia.Pattin@yopmail.com,Ardenia.Pattin@gmail.com,firefighter
107,Blondelle,Kress,Blondelle.Kress@yopmail.com,Blondelle.Kress@gmail.com,worker
108,Miquela,Hollingsworth,Miquela.Hollingsworth@yopmail.com,Miquela.Hollingsworth@gmail.com,developer
109,Arlina,Roscoe,Arlina.Roscoe@yopmail.com,Arlina.Roscoe@gmail.com,doctor
110,Kimmy,Peti,Kimmy.Peti@yopmail.com,Kimmy.Peti@gmail.com,developer
111,Marleah,Mata,Marleah.Mata@yopmail.com,Marleah.Mata@gmail.com,worker
112,Mildrid,Solitta,Mildrid.Solitta@yopmail.com,Mildrid.Solitta@gmail.com,developer
113,Merrie,Hubert,Merrie.Hubert@yopmail.com,Merrie.Hubert@gmail.com,doctor
114,Melisent,Soneson,Melisent.Soneson@yopmail.com,Melisent.Soneson@gmail.com,police officer
115,Ekaterina,Auberbach,Ekaterina.Auberbach@yopmail.com,Ekaterina.Auberbach@gmail.com,police officer
116,Kenna,Isidore,Kenna.Isidore@yopmail.com,Kenna.Isidore@gmail.com,doctor
117,Cathyleen,Podvin,Cathyleen.Podvin@yopmail.com,Cathyleen.Podvin@gmail.com,worker
118,Susan,Seagraves,Susan.Seagraves@yopmail.com,Susan.Seagraves@gmail.com,firefighter
119,Renie,Francene,Renie.Francene@yopmail.com,Renie.Francene@gmail.com,firefighter
120,Shirlee,Gaynor,Shirlee.Gaynor@yopmail.com,Shirlee.Gaynor@gmail.com,developer
121,Codie,Nikaniki,Codie.Nikaniki@yopmail.com,Codie.Nikaniki@gmail.com,firefighter
122,Vere,Yoko,Vere.Yoko@yopmail.com,Vere.Yoko@gmail.com,police officer
123,Deirdre,Mayeda,Deirdre.Mayeda@yopmail.com,Deirdre.Mayeda@gmail.com,worker
124,Clo,Thar,Clo.Thar@yopmail.com,Clo.Thar@gmail.com,worker
125,Liana,Colyer,Liana.Colyer@yopmail.com,Liana.Colyer@gmail.com,firefighter
126,Kassey,Lowry,Kassey.Lowry@yopmail.com,Kassey.Lowry@gmail.com,doctor
127,Esmeralda,Euridice,Esmeralda.Euridice@yopmail.com,Esmeralda.Euridice@gmail.com,firefighter
128,Lolita,Jobi,Lolita.Jobi@yopmail.com,Lolita.Jobi@gmail.com,firefighter
129,Thalia,Delacourt,Thalia.Delacourt@yopmail.com,Thalia.Delacourt@gmail.com,doctor
130,Celestyna,Remmer,Celestyna.Remmer@yopmail.com,Celestyna.Remmer@gmail.com,firefighter
131,Rayna,Iiette,Rayna.Iiette@yopmail.com,Rayna.Iiette@gmail.com,police officer
132,Jemie,Kenney,Jemie.Kenney@yopmail.com,Jemie.Kenney@gmail.com,police officer
133,Celene,Shelba,Celene.Shelba@yopmail.com,Celene.Shelba@gmail.com,developer
134,Gloria,Gavrila,Gloria.Gavrila@yopmail.com,Gloria.Gavrila@gmail.com,doctor
135,Nikki,Cath,Nikki.Cath@yopmail.com,Nikki.Cath@gmail.com,doctor
136,Aubrie,Rubie,Aubrie.Rubie@yopmail.com,Aubrie.Rubie@gmail.com,doctor
137,Mariann,Kare,Mariann.Kare@yopmail.com,Mariann.Kare@gmail.com,firefighter
138,Adore,Demitria,Adore.Demitria@yopmail.com,Adore.Demitria@gmail.com,worker
139,Marjie,Callista,Marjie.Callista@yopmail.com,Marjie.Callista@gmail.com,worker
140,Shaine,Garlinda,Shaine.Garlinda@yopmail.com,Shaine.Garlinda@gmail.com,worker
141,Dione,Borrell,Dione.Borrell@yopmail.com,Dione.Borrell@gmail.com,doctor
142,Jean,Lanita,Jean.Lanita@yopmail.com,Jean.Lanita@gmail.com,police officer
143,Xylina,Milson,Xylina.Milson@yopmail.com,Xylina.Milson@gmail.com,doctor
144,Jolyn,Chapland,Jolyn.Chapland@yopmail.com,Jolyn.Chapland@gmail.com,police officer
145,Shell,Pattin,Shell.Pattin@yopmail.com,Shell.Pattin@gmail.com,police officer
146,Perry,Chapland,Perry.Chapland@yopmail.com,Perry.Chapland@gmail.com,police officer
147,Marline,Olin,Marline.Olin@yopmail.com,Marline.Olin@gmail.com,firefighter
148,Cissiee,Raychel,Cissiee.Raychel@yopmail.com,Cissiee.Raychel@gmail.com,worker
149,Jerry,Gaynor,Jerry.Gaynor@yopmail.com,Jerry.Gaynor@gmail.com,firefighter
150,Caressa,Kimmie,Caressa.Kimmie@yopmail.com,Caressa.Kimmie@gmail.com,worker
151,Renie,Hilbert,Renie.Hilbert@yopmail.com,Renie.Hilbert@gmail.com,developer
152,Agathe,Anderea,Agathe.Anderea@yopmail.com,Agathe.Anderea@gmail.com,worker
153,Tybie,Esmaria,Tybie.Esmaria@yopmail.com,Tybie.Esmaria@gmail.com,firefighter
154,Calla,Izaak,Calla.Izaak@yopmail.com,Calla.Izaak@gmail.com,doctor
155,Sheelagh,Leler,Sheelagh.Leler@yopmail.com,Sheelagh.Leler@gmail.com,developer
156,Oona,Mehalek,Oona.Mehalek@yopmail.com,Oona.Mehalek@gmail.com,firefighter
157,Bibby,Edvard,Bibby.Edvard@yopmail.com,Bibby.Edvard@gmail.com,police officer
158,Paola,Ade,Paola.Ade@yopmail.com,Paola.Ade@gmail.com,firefighter
159,Ofilia,Cimbura,Ofilia.Cimbura@yopmail.com,Ofilia.Cimbura@gmail.com,worker
160,Bobinette,Euridice,Bobinette.Euridice@yopmail.com,Bobinette.Euridice@gmail.com,worker
161,Ermengarde,Doig,Ermengarde.Doig@yopmail.com,Ermengarde.Doig@gmail.com,worker
162,Anthia,Fiester,Anthia.Fiester@yopmail.com,Anthia.Fiester@gmail.com,firefighter
163,Dacia,Even,Dacia.Even@yopmail.com,Dacia.Even@gmail.com,doctor
164,Nanete,Jotham,Nanete.Jotham@yopmail.com,Nanete.Jotham@gmail.com,worker
165,Regina,Ardeha,Regina.Ardeha@yopmail.com,Regina.Ardeha@gmail.com,developer
166,Delilah,Papageno,Delilah.Papageno@yopmail.com,Delilah.Papageno@gmail.com,doctor
167,Basia,Sholley,Basia.Sholley@yopmail.com,Basia.Sholley@gmail.com,firefighter
168,Taffy,Tayib,Taffy.Tayib@yopmail.com,Taffy.Tayib@gmail.com,police officer
169,Sherrie,Sacken,Sherrie.Sacken@yopmail.com,Sherrie.Sacken@gmail.com,police officer
170,Beth,Brandice,Beth.Brandice@yopmail.com,Beth.Brandice@gmail.com,firefighter
171,Jenda,Raul,Jenda.Raul@yopmail.com,Jenda.Raul@gmail.com,firefighter
172,Codie,Margret,Codie.Margret@yopmail.com,Codie.Margret@gmail.com,firefighter
173,Chickie,Thar,Chickie.Thar@yopmail.com,Chickie.Thar@gmail.com,doctor
174,Jolyn,Garek,Jolyn.Garek@yopmail.com,Jolyn.Garek@gmail.com,doctor
175,Helsa,Honoria,Helsa.Honoria@yopmail.com,Helsa.Honoria@gmail.com,doctor
176,Nita,Woodberry,Nita.Woodberry@yopmail.com,Nita.Woodberry@gmail.com,developer
177,Ottilie,Sandye,Ottilie.Sandye@yopmail.com,Ottilie.Sandye@gmail.com,developer
178,Gertrud,Yoko,Gertrud.Yoko@yopmail.com,Gertrud.Yoko@gmail.com,worker
179,Paola,Stevy,Paola.Stevy@yopmail.com,Paola.Stevy@gmail.com,developer
180,Lulita,Hertzfeld,Lulita.Hertzfeld@yopmail.com,Lulita.Hertzfeld@gmail.com,worker
181,Carmela,Henrie,Carmela.Henrie@yopmail.com,Carmela.Henrie@gmail.com,firefighter
182,Merry,Hunfredo,Merry.Hunfredo@yopmail.com,Merry.Hunfredo@gmail.com,developer
183,Gilda,Melan,Gilda.Melan@yopmail.com,Gilda.Melan@gmail.com,worker
184,Ariela,Emanuel,Ariela.Emanuel@yopmail.com,Ariela.Emanuel@gmail.com,worker
185,Kathy,Ricarda,Kathy.Ricarda@yopmail.com,Kathy.Ricarda@gmail.com,doctor
186,Nita,Rad,Nita.Rad@yopmail.com,Nita.Rad@gmail.com,firefighter
187,Audrie,Roarke,Audrie.Roarke@yopmail.com,Audrie.Roarke@gmail.com,doctor
188,Brandise,Anselmi,Brandise.Anselmi@yopmail.com,Brandise.Anselmi@gmail.com,doctor
189,Fina,Oriana,Fina.Oriana@yopmail.com,Fina.Oriana@gmail.com,developer
190,Halette,Bartlett,Halette.Bartlett@yopmail.com,Halette.Bartlett@gmail.com,developer
191,Nerta,Chick,Nerta.Chick@yopmail.com,Nerta.Chick@gmail.com,police officer
192,Kaia,Elo,Kaia.Elo@yopmail.com,Kaia.Elo@gmail.com,doctor
193,Sophia,Firmin,Sophia.Firmin@yopmail.com,Sophia.Firmin@gmail.com,worker
194,Krystle,Latini,Krystle.Latini@yopmail.com,Krystle.Latini@gmail.com,developer
195,Calla,Grosz,Calla.Grosz@yopmail.com,Calla.Grosz@gmail.com,firefighter
196,Shaylyn,Diann,Shaylyn.Diann@yopmail.com,Shaylyn.Diann@gmail.com,firefighter
197,Amelia,Keelia,Amelia.Keelia@yopmail.com,Amelia.Keelia@gmail.com,developer
198,Rhea,Lindemann,Rhea.Lindemann@yopmail.com,Rhea.Lindemann@gmail.com,police officer
199,Lynnea,Corabella,Lynnea.Corabella@yopmail.com,Lynnea.Corabella@gmail.com,police officer
200,Mamie,Pozzy,Mamie.Pozzy@yopmail.com,Mamie.Pozzy@gmail.com,firefighter
201,Pamella,Lilybelle,Pamella.Lilybelle@yopmail.com,Pamella.Lilybelle@gmail.com,worker
202,Shandie,Constancy,Shandie.Constancy@yopmail.com,Shandie.Constancy@gmail.com,developer
203,Charlena,Colbert,Charlena.Colbert@yopmail.com,Charlena.Colbert@gmail.com,firefighter
204,Gwyneth,Paton,Gwyneth.Paton@yopmail.com,Gwyneth.Paton@gmail.com,worker
205,Sara-Ann,Lynn,Sara-Ann.Lynn@yopmail.com,Sara-Ann.Lynn@gmail.com,police officer
206,Rosanne,Ventre,Rosanne.Ventre@yopmail.com,Rosanne.Ventre@gmail.com,firefighter
207,Liana,Skurnik,Liana.Skurnik@yopmail.com,Liana.Skurnik@gmail.com,developer
208,Karina,Taam,Karina.Taam@yopmail.com,Karina.Taam@gmail.com,firefighter
209,Winny,Greenwald,Winny.Greenwald@yopmail.com,Winny.Greenwald@gmail.com,developer
210,Ardeen,Shirberg,Ardeen.Shirberg@yopmail.com,Ardeen.Shirberg@gmail.com,firefighter
211,Adele,Jillane,Adele.Jillane@yopmail.com,Adele.Jillane@gmail.com,doctor
212,Lorie,Honoria,Lorie.Honoria@yopmail.com,Lorie.Honoria@gmail.com,doctor
213,Jessy,Paton,Jessy.Paton@yopmail.com,Jessy.Paton@gmail.com,developer
214,Fina,Sammons,Fina.Sammons@yopmail.com,Fina.Sammons@gmail.com,firefighter
215,Evita,Donell,Evita.Donell@yopmail.com,Evita.Donell@gmail.com,police officer
216,Loree,MacIntosh,Loree.MacIntosh@yopmail.com,Loree.MacIntosh@gmail.com,doctor
217,Dianemarie,Avi,Dianemarie.Avi@yopmail.com,Dianemarie.Avi@gmail.com,worker
218,Kenna,Alva,Kenna.Alva@yopmail.com,Kenna.Alva@gmail.com,developer
219,Rozele,Marden,Rozele.Marden@yopmail.com,Rozele.Marden@gmail.com,doctor
220,Amii,Mitzi,Amii.Mitzi@yopmail.com,Amii.Mitzi@gmail.com,developer
221,Feliza,Charmine,Feliza.Charmine@yopmail.com,Feliza.Charmine@gmail.com,firefighter
222,Belva,Ellord,Belva.Ellord@yopmail.com,Belva.Ellord@gmail.com,developer
223,Kimberley,Emmaline,Kimberley.Emmaline@yopmail.com,Kimberley.Emmaline@gmail.com,police officer
224,Eadie,Raul,Eadie.Raul@yopmail.com,Eadie.Raul@gmail.com,worker
225,Fina,Drisko,Fina.Drisko@yopmail.com,Fina.Drisko@gmail.com,developer
226,Babita,Loeb,Babita.Loeb@yopmail.com,Babita.Loeb@gmail.com,firefighter
227,Dawn,Jerald,Dawn.Jerald@yopmail.com,Dawn.Jerald@gmail.com,firefighter
228,Leanna,Seligman,Leanna.Seligman@yopmail.com,Leanna.Seligman@gmail.com,worker
229,Annabela,Sherrie,Annabela.Sherrie@yopmail.com,Annabela.Sherrie@gmail.com,doctor
230,Raf,Schlosser,Raf.Schlosser@yopmail.com,Raf.Schlosser@gmail.com,doctor
231,Orsola,Even,Orsola.Even@yopmail.com,Orsola.Even@gmail.com,police officer
232,Ezmeralda,Mozelle,Ezmeralda.Mozelle@yopmail.com,Ezmeralda.Mozelle@gmail.com,worker
233,Nerta,Manolo,Nerta.Manolo@yopmail.com,Nerta.Manolo@gmail.com,worker
234,Viviene,Delila,Viviene.Delila@yopmail.com,Viviene.Delila@gmail.com,worker
235,Elfreda,Lumbard,Elfreda.Lumbard@yopmail.com,Elfreda.Lumbard@gmail.com,developer
236,Mary,Lewes,Mary.Lewes@yopmail.com,Mary.Lewes@gmail.com,firefighter
237,Shauna,Palocz,Shauna.Palocz@yopmail.com,Shauna.Palocz@gmail.com,police officer
238,Aryn,Vorster,Aryn.Vorster@yopmail.com,Aryn.Vorster@gmail.com,worker
239,Sidoney,Ludewig,Sidoney.Ludewig@yopmail.com,Sidoney.Ludewig@gmail.com,doctor
240,Marsiella,Sabella,Marsiella.Sabella@yopmail.com,Marsiella.Sabella@gmail.com,police officer
241,Alexine,Himelman,Alexine.Himelman@yopmail.com,Alexine.Himelman@gmail.com,developer
242,Tani,Adore,Tani.Adore@yopmail.com,Tani.Adore@gmail.com,doctor
243,Beth,Goldina,Beth.Goldina@yopmail.com,Beth.Goldina@gmail.com,doctor
244,Devina,Juliet,Devina.Juliet@yopmail.com,Devina.Juliet@gmail.com,police officer
245,Kenna,Darrell,Kenna.Darrell@yopmail.com,Kenna.Darrell@gmail.com,developer
246,Shaine,Hailee,Shaine.Hailee@yopmail.com,Shaine.Hailee@gmail.com,doctor
247,Adore,Camden,Adore.Camden@yopmail.com,Adore.Camden@gmail.com,police officer
248,Joelly,Nickola,Joelly.Nickola@yopmail.com,Joelly.Nickola@gmail.com,firefighter
249,Annabela,Martsen,Annabela.Martsen@yopmail.com,Annabela.Martsen@gmail.com,firefighter
250,Adele,Edison,Adele.Edison@yopmail.com,Adele.Edison@gmail.com,worker
251,Wileen,Roxanna,Wileen.Roxanna@yopmail.com,Wileen.Roxanna@gmail.com,developer
252,Mellicent,Seumas,Mellicent.Seumas@yopmail.com,Mellicent.Seumas@gmail.com,doctor
253,Louella,Horan,Louella.Horan@yopmail.com,Louella.Horan@gmail.com,worker
254,Millie,Connelly,Millie.Connelly@yopmail.com,Millie.Connelly@gmail.com,developer
255,Genevra,Gherardo,Genevra.Gherardo@yopmail.com,Genevra.Gherardo@gmail.com,doctor
256,Ashlee,Norvol,Ashlee.Norvol@yopmail.com,Ashlee.Norvol@gmail.com,worker
257,Agathe,Schwejda,Agathe.Schwejda@yopmail.com,Agathe.Schwejda@gmail.com,firefighter
258,Eugine,Stover,Eugine.Stover@yopmail.com,Eugine.Stover@gmail.com,police officer
259,Kayla,Blisse,Kayla.Blisse@yopmail.com,Kayla.Blisse@gmail.com,developer
260,Alejandra,Maurine,Alejandra.Maurine@yopmail.com,Alejandra.Maurine@gmail.com,police officer
261,Regina,Edvard,Regina.Edvard@yopmail.com,Regina.Edvard@gmail.com,firefighter
262,Sabina,Phi,Sabina.Phi@yopmail.com,Sabina.Phi@gmail.com,developer
263,Consuela,Donell,Consuela.Donell@yopmail.com,Consuela.Donell@gmail.com,worker
264,Demetris,Bertold,Demetris.Bertold@yopmail.com,Demetris.Bertold@gmail.com,firefighter
265,Lilith,Halsey,Lilith.Halsey@yopmail.com,Lilith.Halsey@gmail.com,worker
266,Aaren,Cleavland,Aaren.Cleavland@yopmail.com,Aaren.Cleavland@gmail.com,worker
267,Michaelina,Revkah,Michaelina.Revkah@yopmail.com,Michaelina.Revkah@gmail.com,worker
268,Dulce,Joseph,Dulce.Joseph@yopmail.com,Dulce.Joseph@gmail.com,firefighter
269,Berget,Arquit,Berget.Arquit@yopmail.com,Berget.Arquit@gmail.com,developer
270,Jere,Faso,Jere.Faso@yopmail.com,Jere.Faso@gmail.com,developer
271,Tatiania,Adalbert,Tatiania.Adalbert@yopmail.com,Tatiania.Adalbert@gmail.com,developer
272,Mireielle,Georgy,Mireielle.Georgy@yopmail.com,Mireielle.Georgy@gmail.com,developer
273,Collen,Bluh,Collen.Bluh@yopmail.com,Collen.Bluh@gmail.com,police officer
274,Natka,Toni,Natka.Toni@yopmail.com,Natka.Toni@gmail.com,doctor
275,Lacie,Kenney,Lacie.Kenney@yopmail.com,Lacie.Kenney@gmail.com,police officer
276,Shannah,Quinn,Shannah.Quinn@yopmail.com,Shannah.Quinn@gmail.com,worker
277,Gloria,Erminia,Gloria.Erminia@yopmail.com,Gloria.Erminia@gmail.com,firefighter
278,Karolina,Iiette,Karolina.Iiette@yopmail.com,Karolina.Iiette@gmail.com,firefighter
279,Oralee,Eachern,Oralee.Eachern@yopmail.com,Oralee.Eachern@gmail.com,worker
280,Feliza,Schalles,Feliza.Schalles@yopmail.com,Feliza.Schalles@gmail.com,developer
281,Suzette,Whiffen,Suzette.Whiffen@yopmail.com,Suzette.Whiffen@gmail.com,developer
282,Valera,Maryanne,Valera.Maryanne@yopmail.com,Valera.Maryanne@gmail.com,police officer
283,Lauryn,Stilwell,Lauryn.Stilwell@yopmail.com,Lauryn.Stilwell@gmail.com,firefighter
284,Hannis,Karylin,Hannis.Karylin@yopmail.com,Hannis.Karylin@gmail.com,worker
285,Lorie,Artie,Lorie.Artie@yopmail.com,Lorie.Artie@gmail.com,worker
286,Cordi,Bivins,Cordi.Bivins@yopmail.com,Cordi.Bivins@gmail.com,police officer
287,Larine,Thilda,Larine.Thilda@yopmail.com,Larine.Thilda@gmail.com,police officer
288,Bernardine,Shirberg,Bernardine.Shirberg@yopmail.com,Bernardine.Shirberg@gmail.com,police officer
289,Constance,Candy,Constance.Candy@yopmail.com,Constance.Candy@gmail.com,worker
290,Vinita,Prober,Vinita.Prober@yopmail.com,Vinita.Prober@gmail.com,worker
291,Modestia,Sholley,Modestia.Sholley@yopmail.com,Modestia.Sholley@gmail.com,police officer
292,Verla,Clywd,Verla.Clywd@yopmail.com,Verla.Clywd@gmail.com,developer
293,Joceline,Georas,Joceline.Georas@yopmail.com,Joceline.Georas@gmail.com,worker
294,Correy,Rogerio,Correy.Rogerio@yopmail.com,Correy.Rogerio@gmail.com,developer
295,Mariann,Bergman,Mariann.Bergman@yopmail.com,Mariann.Bergman@gmail.com,doctor
296,Xylina,Harl,Xylina.Harl@yopmail.com,Xylina.Harl@gmail.com,worker
297,Genevra,Nerita,Genevra.Nerita@yopmail.com,Genevra.Nerita@gmail.com,worker
298,Brana,Bertold,Brana.Bertold@yopmail.com,Brana.Bertold@gmail.com,firefighter
299,Rochette,Goode,Rochette.Goode@yopmail.com,Rochette.Goode@gmail.com,developer
300,Lusa,Mata,Lusa.Mata@yopmail.com,Lusa.Mata@gmail.com,doctor
301,Janis,Ackerley,Janis.Ackerley@yopmail.com,Janis.Ackerley@gmail.com,doctor
302,Doralynne,Faust,Doralynne.Faust@yopmail.com,Doralynne.Faust@gmail.com,worker
303,Raf,Raama,Raf.Raama@yopmail.com,Raf.Raama@gmail.com,developer
304,Kylynn,Ralfston,Kylynn.Ralfston@yopmail.com,Kylynn.Ralfston@gmail.com,doctor
305,Dotty,Maiah,Dotty.Maiah@yopmail.com,Dotty.Maiah@gmail.com,worker
306,Trixi,Brittani,Trixi.Brittani@yopmail.com,Trixi.Brittani@gmail.com,police officer
307,Correy,Raffo,Correy.Raffo@yopmail.com,Correy.Raffo@gmail.com,developer
308,Monika,Claudine,Monika.Claudine@yopmail.com,Monika.Claudine@gmail.com,police officer
309,Sheree,Lilas,Sheree.Lilas@yopmail.com,Sheree.Lilas@gmail.com,firefighter
310,Aimil,Rodmann,Aimil.Rodmann@yopmail.com,Aimil.Rodmann@gmail.com,police officer
311,Monika,Durante,Monika.Durante@yopmail.com,Monika.Durante@gmail.com,police officer
312,Adele,Orelee,Adele.Orelee@yopmail.com,Adele.Orelee@gmail.com,developer
313,Kirstin,Love,Kirstin.Love@yopmail.com,Kirstin.Love@gmail.com,developer
314,Ruthe,Sophronia,Ruthe.Sophronia@yopmail.com,Ruthe.Sophronia@gmail.com,worker
315,Hermione,Jotham,Hermione.Jotham@yopmail.com,Hermione.Jotham@gmail.com,worker
316,Fidelia,Atcliffe,Fidelia.Atcliffe@yopmail.com,Fidelia.Atcliffe@gmail.com,police officer
317,Collen,Susannah,Collen.Susannah@yopmail.com,Collen.Susannah@gmail.com,developer
318,Almeta,Zamora,Almeta.Zamora@yopmail.com,Almeta.Zamora@gmail.com,worker
319,Beatriz,Cottle,Beatriz.Cottle@yopmail.com,Beatriz.Cottle@gmail.com,police officer
320,Gloria,Cyrie,Gloria.Cyrie@yopmail.com,Gloria.Cyrie@gmail.com,firefighter
321,Larine,Sallyann,Larine.Sallyann@yopmail.com,Larine.Sallyann@gmail.com,developer
322,Mariann,Damarra,Mariann.Damarra@yopmail.com,Mariann.Damarra@gmail.com,developer
323,Cassondra,Edison,Cassondra.Edison@yopmail.com,Cassondra.Edison@gmail.com,worker
324,Lelah,Rosalba,Lelah.Rosalba@yopmail.com,Lelah.Rosalba@gmail.com,firefighter
325,Michaelina,Natalia,Michaelina.Natalia@yopmail.com,Michaelina.Natalia@gmail.com,firefighter
326,Gloria,Jillane,Gloria.Jillane@yopmail.com,Gloria.Jillane@gmail.com,firefighter
327,Constance,Dituri,Constance.Dituri@yopmail.com,Constance.Dituri@gmail.com,developer
328,Kalina,Allare,Kalina.Allare@yopmail.com,Kalina.Allare@gmail.com,worker
329,Nita,Hachmin,Nita.Hachmin@yopmail.com,Nita.Hachmin@gmail.com,police officer
330,Nyssa,Edison,Nyssa.Edison@yopmail.com,Nyssa.Edison@gmail.com,firefighter
331,Verla,Anselmi,Verla.Anselmi@yopmail.com,Verla.Anselmi@gmail.com,doctor
332,Cassondra,Maxi,Cassondra.Maxi@yopmail.com,Cassondra.Maxi@gmail.com,developer
333,Sibella,Casimir,Sibella.Casimir@yopmail.com,Sibella.Casimir@gmail.com,worker
334,Gabi,Mott,Gabi.Mott@yopmail.com,Gabi.Mott@gmail.com,developer
335,Vanessa,Bendick,Vanessa.Bendick@yopmail.com,Vanessa.Bendick@gmail.com,firefighter
336,Alex,Sandye,Alex.Sandye@yopmail.com,Alex.Sandye@gmail.com,police officer
337,Adriana,Weaks,Adriana.Weaks@yopmail.com,Adriana.Weaks@gmail.com,police officer
338,Nikki,Riordan,Nikki.Riordan@yopmail.com,Nikki.Riordan@gmail.com,developer
339,Lorenza,Diogenes,Lorenza.Diogenes@yopmail.com,Lorenza.Diogenes@gmail.com,developer
340,Heida,Delp,Heida.Delp@yopmail.com,Heida.Delp@gmail.com,worker
341,Augustine,Orpah,Augustine.Orpah@yopmail.com,Augustine.Orpah@gmail.com,police officer
342,Tarra,Turne,Tarra.Turne@yopmail.com,Tarra.Turne@gmail.com,worker
343,Paola,Adalbert,Paola.Adalbert@yopmail.com,Paola.Adalbert@gmail.com,police officer
344,Jan,Joachim,Jan.Joachim@yopmail.com,Jan.Joachim@gmail.com,doctor
345,Karolina,Meli,Karolina.Meli@yopmail.com,Karolina.Meli@gmail.com,doctor
346,Kristina,Maxi,Kristina.Maxi@yopmail.com,Kristina.Maxi@gmail.com,police officer
347,Brynna,Middleton,Brynna.Middleton@yopmail.com,Brynna.Middleton@gmail.com,developer
348,Calla,Madaih,Calla.Madaih@yopmail.com,Calla.Madaih@gmail.com,firefighter
349,Eolanda,Phi,Eolanda.Phi@yopmail.com,Eolanda.Phi@gmail.com,firefighter
350,Beth,Georas,Beth.Georas@yopmail.com,Beth.Georas@gmail.com,police officer
351,Judy,Aaberg,Judy.Aaberg@yopmail.com,Judy.Aaberg@gmail.com,police officer
352,Rosabelle,Penelopa,Rosabelle.Penelopa@yopmail.com,Rosabelle.Penelopa@gmail.com,developer
353,Trixi,Bakerman,Trixi.Bakerman@yopmail.com,Trixi.Bakerman@gmail.com,police officer
354,Kathi,Jerald,Kathi.Jerald@yopmail.com,Kathi.Jerald@gmail.com,doctor
355,Celene,Ambrosia,Celene.Ambrosia@yopmail.com,Celene.Ambrosia@gmail.com,police officer
356,Kenna,Azeria,Kenna.Azeria@yopmail.com,Kenna.Azeria@gmail.com,firefighter
357,Stevana,Ethban,Stevana.Ethban@yopmail.com,Stevana.Ethban@gmail.com,worker
358,Carlie,Levey,Carlie.Levey@yopmail.com,Carlie.Levey@gmail.com,doctor
359,Lanae,Lilas,Lanae.Lilas@yopmail.com,Lanae.Lilas@gmail.com,worker
360,Rosanne,Ummersen,Rosanne.Ummersen@yopmail.com,Rosanne.Ummersen@gmail.com,police officer
361,Steffane,Wiener,Steffane.Wiener@yopmail.com,Steffane.Wiener@gmail.com,police officer
362,Cindelyn,Francene,Cindelyn.Francene@yopmail.com,Cindelyn.Francene@gmail.com,firefighter
363,Dale,Goddard,Dale.Goddard@yopmail.com,Dale.Goddard@gmail.com,police officer
364,Joceline,Dunkin,Joceline.Dunkin@yopmail.com,Joceline.Dunkin@gmail.com,developer
365,Zondra,Willie,Zondra.Willie@yopmail.com,Zondra.Willie@gmail.com,firefighter
366,Gavrielle,Cordi,Gavrielle.Cordi@yopmail.com,Gavrielle.Cordi@gmail.com,developer
367,Lynea,Prober,Lynea.Prober@yopmail.com,Lynea.Prober@gmail.com,doctor
368,Bernie,McAdams,Bernie.McAdams@yopmail.com,Bernie.McAdams@gmail.com,worker
369,Olwen,Cleo,Olwen.Cleo@yopmail.com,Olwen.Cleo@gmail.com,doctor
370,Dianemarie,Merriott,Dianemarie.Merriott@yopmail.com,Dianemarie.Merriott@gmail.com,developer
371,Cam,Dielu,Cam.Dielu@yopmail.com,Cam.Dielu@gmail.com,developer
372,Tabbatha,Rozanna,Tabbatha.Rozanna@yopmail.com,Tabbatha.Rozanna@gmail.com,doctor
373,Sissy,Lalitta,Sissy.Lalitta@yopmail.com,Sissy.Lalitta@gmail.com,worker
374,Melina,Cristi,Melina.Cristi@yopmail.com,Melina.Cristi@gmail.com,worker
375,Coral,Rosemary,Coral.Rosemary@yopmail.com,Coral.Rosemary@gmail.com,police officer
376,Joleen,Sidonius,Joleen.Sidonius@yopmail.com,Joleen.Sidonius@gmail.com,worker
377,Damaris,Lasley,Damaris.Lasley@yopmail.com,Damaris.Lasley@gmail.com,developer
378,Meriel,Justinn,Meriel.Justinn@yopmail.com,Meriel.Justinn@gmail.com,developer
379,Marinna,Ashely,Marinna.Ashely@yopmail.com,Marinna.Ashely@gmail.com,developer
380,Dotty,Rudolph,Dotty.Rudolph@yopmail.com,Dotty.Rudolph@gmail.com,doctor
381,Letizia,Bouchard,Letizia.Bouchard@yopmail.com,Letizia.Bouchard@gmail.com,worker
382,Melodie,Thomasina,Melodie.Thomasina@yopmail.com,Melodie.Thomasina@gmail.com,developer
383,Suzette,Paton,Suzette.Paton@yopmail.com,Suzette.Paton@gmail.com,police officer
384,Mara,Trey,Mara.Trey@yopmail.com,Mara.Trey@gmail.com,developer
385,Alyda,Cath,Alyda.Cath@yopmail.com,Alyda.Cath@gmail.com,police officer
386,Kittie,Daegal,Kittie.Daegal@yopmail.com,Kittie.Daegal@gmail.com,worker
387,Fawne,Ambrosia,Fawne.Ambrosia@yopmail.com,Fawne.Ambrosia@gmail.com,police officer
388,Anallese,Sharl,Anallese.Sharl@yopmail.com,Anallese.Sharl@gmail.com,police officer
389,Rani,Fancie,Rani.Fancie@yopmail.com,Rani.Fancie@gmail.com,worker
390,Shaine,Faria,Shaine.Faria@yopmail.com,Shaine.Faria@gmail.com,doctor
391,Jerry,Munn,Jerry.Munn@yopmail.com,Jerry.Munn@gmail.com,firefighter
392,Reeba,Jacobah,Reeba.Jacobah@yopmail.com,Reeba.Jacobah@gmail.com,police officer
393,Verla,Salchunas,Verla.Salchunas@yopmail.com,Verla.Salchunas@gmail.com,developer
394,Annecorinne,Fry,Annecorinne.Fry@yopmail.com,Annecorinne.Fry@gmail.com,worker
395,Jacenta,Kiersten,Jacenta.Kiersten@yopmail.com,Jacenta.Kiersten@gmail.com,police officer
396,Queenie,Orpah,Queenie.Orpah@yopmail.com,Queenie.Orpah@gmail.com,firefighter
397,Carly,Borrell,Carly.Borrell@yopmail.com,Carly.Borrell@gmail.com,worker
398,Sharai,Kosey,Sharai.Kosey@yopmail.com,Sharai.Kosey@gmail.com,police officer
399,Elora,Publia,Elora.Publia@yopmail.com,Elora.Publia@gmail.com,firefighter
400,Chickie,Shields,Chickie.Shields@yopmail.com,Chickie.Shields@gmail.com,developer
401,Siana,Johnsson,Siana.Johnsson@yopmail.com,Siana.Johnsson@gmail.com,doctor
402,Gerianna,Mike,Gerianna.Mike@yopmail.com,Gerianna.Mike@gmail.com,firefighter
403,Tilly,Chinua,Tilly.Chinua@yopmail.com,Tilly.Chinua@gmail.com,developer
404,Melisent,Mintz,Melisent.Mintz@yopmail.com,Melisent.Mintz@gmail.com,firefighter
405,Charissa,Forrer,Charissa.Forrer@yopmail.com,Charissa.Forrer@gmail.com,firefighter
406,Phedra,Joseph,Phedra.Joseph@yopmail.com,Phedra.Joseph@gmail.com,firefighter
407,Sara-Ann,Berard,Sara-Ann.Berard@yopmail.com,Sara-Ann.Berard@gmail.com,worker
408,Raquela,Ciro,Raquela.Ciro@yopmail.com,Raquela.Ciro@gmail.com,police officer
409,Aigneis,Sophronia,Aigneis.Sophronia@yopmail.com,Aigneis.Sophronia@gmail.com,doctor
410,Danny,Malina,Danny.Malina@yopmail.com,Danny.Malina@gmail.com,police officer
411,Ada,Haymes,Ada.Haymes@yopmail.com,Ada.Haymes@gmail.com,firefighter
412,Mireielle,Pascia,Mireielle.Pascia@yopmail.com,Mireielle.Pascia@gmail.com,doctor
413,Netty,Irmine,Netty.Irmine@yopmail.com,Netty.Irmine@gmail.com,police officer
414,Cathyleen,Johanna,Cathyleen.Johanna@yopmail.com,Cathyleen.Johanna@gmail.com,doctor
415,Gusty,Prouty,Gusty.Prouty@yopmail.com,Gusty.Prouty@gmail.com,firefighter
416,Madeleine,Ball,Madeleine.Ball@yopmail.com,Madeleine.Ball@gmail.com,doctor
417,Edith,Ailyn,Edith.Ailyn@yopmail.com,Edith.Ailyn@gmail.com,doctor
418,Ottilie,Gerge,Ottilie.Gerge@yopmail.com,Ottilie.Gerge@gmail.com,police officer
419,Christian,Grimbly,Christian.Grimbly@yopmail.com,Christian.Grimbly@gmail.com,doctor
420,Trixi,Slifka,Trixi.Slifka@yopmail.com,Trixi.Slifka@gmail.com,doctor
421,Doro,Bevin,Doro.Bevin@yopmail.com,Doro.Bevin@gmail.com,police officer
422,Mildrid,Brian,Mildrid.Brian@yopmail.com,Mildrid.Brian@gmail.com,firefighter
423,Flory,Nance,Flory.Nance@yopmail.com,Flory.Nance@gmail.com,worker
424,Carly,Garlinda,Carly.Garlinda@yopmail.com,Carly.Garlinda@gmail.com,firefighter
425,Marti,Noman,Marti.Noman@yopmail.com,Marti.Noman@gmail.com,firefighter
426,Lyssa,Luhe,Lyssa.Luhe@yopmail.com,Lyssa.Luhe@gmail.com,developer
427,Eolanda,Tatianas,Eolanda.Tatianas@yopmail.com,Eolanda.Tatianas@gmail.com,worker
428,Marleah,Chaing,Marleah.Chaing@yopmail.com,Marleah.Chaing@gmail.com,firefighter
429,Oralee,Bethany,Oralee.Bethany@yopmail.com,Oralee.Bethany@gmail.com,developer
430,Joeann,Neils,Joeann.Neils@yopmail.com,Joeann.Neils@gmail.com,worker
431,Fanny,Chabot,Fanny.Chabot@yopmail.com,Fanny.Chabot@gmail.com,firefighter
432,Frieda,Stilwell,Frieda.Stilwell@yopmail.com,Frieda.Stilwell@gmail.com,developer
433,Hildegaard,Longfellow,Hildegaard.Longfellow@yopmail.com,Hildegaard.Longfellow@gmail.com,firefighter
434,Lory,Garlinda,Lory.Garlinda@yopmail.com,Lory.Garlinda@gmail.com,worker
435,Beatriz,Drisko,Beatriz.Drisko@yopmail.com,Beatriz.Drisko@gmail.com,doctor
436,Lucille,Anderea,Lucille.Anderea@yopmail.com,Lucille.Anderea@gmail.com,developer
437,Deane,Dituri,Deane.Dituri@yopmail.com,Deane.Dituri@gmail.com,developer
438,Zia,Sallyann,Zia.Sallyann@yopmail.com,Zia.Sallyann@gmail.com,developer
439,Cherilyn,Eben,Cherilyn.Eben@yopmail.com,Cherilyn.Eben@gmail.com,firefighter
440,Kassey,Weide,Kassey.Weide@yopmail.com,Kassey.Weide@gmail.com,worker
441,Catharine,Noelyn,Catharine.Noelyn@yopmail.com,Catharine.Noelyn@gmail.com,firefighter
442,Camile,Randene,Camile.Randene@yopmail.com,Camile.Randene@gmail.com,developer
443,Noelle,Magdalen,Noelle.Magdalen@yopmail.com,Noelle.Magdalen@gmail.com,firefighter
444,Gwenneth,Papageno,Gwenneth.Papageno@yopmail.com,Gwenneth.Papageno@gmail.com,doctor
445,Willetta,Larochelle,Willetta.Larochelle@yopmail.com,Willetta.Larochelle@gmail.com,firefighter
446,Rozele,Gemini,Rozele.Gemini@yopmail.com,Rozele.Gemini@gmail.com,firefighter
447,Amalie,Margarete,Amalie.Margarete@yopmail.com,Amalie.Margarete@gmail.com,firefighter
448,Evita,Chick,Evita.Chick@yopmail.com,Evita.Chick@gmail.com,police officer
449,Cyndie,Daegal,Cyndie.Daegal@yopmail.com,Cyndie.Daegal@gmail.com,worker
450,Gilligan,Bryna,Gilligan.Bryna@yopmail.com,Gilligan.Bryna@gmail.com,police officer
451,Therine,Jehu,Therine.Jehu@yopmail.com,Therine.Jehu@gmail.com,firefighter
452,Hyacinthe,Ivens,Hyacinthe.Ivens@yopmail.com,Hyacinthe.Ivens@gmail.com,worker
453,Melanie,Brodench,Melanie.Brodench@yopmail.com,Melanie.Brodench@gmail.com,police officer
454,Berta,Lacombe,Berta.Lacombe@yopmail.com,Berta.Lacombe@gmail.com,firefighter
455,Gwyneth,Bebe,Gwyneth.Bebe@yopmail.com,Gwyneth.Bebe@gmail.com,worker
456,Tamqrah,Berriman,Tamqrah.Berriman@yopmail.com,Tamqrah.Berriman@gmail.com,firefighter
457,Larine,Toor,Larine.Toor@yopmail.com,Larine.Toor@gmail.com,developer
458,Tiffie,Ranjiv,Tiffie.Ranjiv@yopmail.com,Tiffie.Ranjiv@gmail.com,police officer
459,Judy,Poll,Judy.Poll@yopmail.com,Judy.Poll@gmail.com,firefighter
460,Arlina,Virgin,Arlina.Virgin@yopmail.com,Arlina.Virgin@gmail.com,worker
461,Debee,Huggins,Debee.Huggins@yopmail.com,Debee.Huggins@gmail.com,doctor
462,Ayn,Rurik,Ayn.Rurik@yopmail.com,Ayn.Rurik@gmail.com,police officer
463,Dania,Posner,Dania.Posner@yopmail.com,Dania.Posner@gmail.com,police officer
464,Iseabal,Winthorpe,Iseabal.Winthorpe@yopmail.com,Iseabal.Winthorpe@gmail.com,worker
465,Dale,Rodmann,Dale.Rodmann@yopmail.com,Dale.Rodmann@gmail.com,doctor
466,Edee,Horan,Edee.Horan@yopmail.com,Edee.Horan@gmail.com,firefighter
467,Ardys,Caitlin,Ardys.Caitlin@yopmail.com,Ardys.Caitlin@gmail.com,police officer
468,Evita,Arley,Evita.Arley@yopmail.com,Evita.Arley@gmail.com,firefighter
469,Isa,Alarise,Isa.Alarise@yopmail.com,Isa.Alarise@gmail.com,worker
470,Pamella,Kunin,Pamella.Kunin@yopmail.com,Pamella.Kunin@gmail.com,firefighter
471,Ekaterina,Bronk,Ekaterina.Bronk@yopmail.com,Ekaterina.Bronk@gmail.com,doctor
472,Danny,Shama,Danny.Shama@yopmail.com,Danny.Shama@gmail.com,developer
473,Pamella,Ingra,Pamella.Ingra@yopmail.com,Pamella.Ingra@gmail.com,developer
474,Tiffie,McGrody,Tiffie.McGrody@yopmail.com,Tiffie.McGrody@gmail.com,doctor
475,Dyann,Deegan,Dyann.Deegan@yopmail.com,Dyann.Deegan@gmail.com,worker
476,Shirlee,Bakerman,Shirlee.Bakerman@yopmail.com,Shirlee.Bakerman@gmail.com,police officer
477,Lolita,Shama,Lolita.Shama@yopmail.com,Lolita.Shama@gmail.com,doctor
478,Paola,Valerio,Paola.Valerio@yopmail.com,Paola.Valerio@gmail.com,developer
479,Elie,Schonfeld,Elie.Schonfeld@yopmail.com,Elie.Schonfeld@gmail.com,developer
480,Isa,Bakerman,Isa.Bakerman@yopmail.com,Isa.Bakerman@gmail.com,doctor
481,Clary,Seagraves,Clary.Seagraves@yopmail.com,Clary.Seagraves@gmail.com,police officer
482,Fidelia,Luhe,Fidelia.Luhe@yopmail.com,Fidelia.Luhe@gmail.com,developer
483,Carlie,Hirsch,Carlie.Hirsch@yopmail.com,Carlie.Hirsch@gmail.com,police officer
484,Annabela,Carbo,Annabela.Carbo@yopmail.com,Annabela.Carbo@gmail.com,police officer
485,Fidelia,Slifka,Fidelia.Slifka@yopmail.com,Fidelia.Slifka@gmail.com,doctor
486,Marcy,Douglass,Marcy.Douglass@yopmail.com,Marcy.Douglass@gmail.com,police officer
487,Ada,Gilmour,Ada.Gilmour@yopmail.com,Ada.Gilmour@gmail.com,worker
488,Gilligan,Norrie,Gilligan.Norrie@yopmail.com,Gilligan.Norrie@gmail.com,police officer
489,Corina,Ardra,Corina.Ardra@yopmail.com,Corina.Ardra@gmail.com,doctor
490,Candi,Telfer,Candi.Telfer@yopmail.com,Candi.Telfer@gmail.com,firefighter
491,Helsa,Cosenza,Helsa.Cosenza@yopmail.com,Helsa.Cosenza@gmail.com,doctor
492,Misha,Eachern,Misha.Eachern@yopmail.com,Misha.Eachern@gmail.com,firefighter
493,Albertina,Uird,Albertina.Uird@yopmail.com,Albertina.Uird@gmail.com,developer
494,Dawn,Wildermuth,Dawn.Wildermuth@yopmail.com,Dawn.Wildermuth@gmail.com,worker
495,Fina,Nea,Fina.Nea@yopmail.com,Fina.Nea@gmail.com,worker
496,Brana,Viddah,Brana.Viddah@yopmail.com,Brana.Viddah@gmail.com,police officer
497,Netty,Oster,Netty.Oster@yopmail.com,Netty.Oster@gmail.com,firefighter
498,Tonia,Isacco,Tonia.Isacco@yopmail.com,Tonia.Isacco@gmail.com,developer
499,Marcy,Lesley,Marcy.Lesley@yopmail.com,Marcy.Lesley@gmail.com,doctor
500,Maryellen,Felecia,Maryellen.Felecia@yopmail.com,Maryellen.Felecia@gmail.com,worker
501,Rubie,Ajay,Rubie.Ajay@yopmail.com,Rubie.Ajay@gmail.com,worker
502,Marnia,Bahr,Marnia.Bahr@yopmail.com,Marnia.Bahr@gmail.com,police officer
503,Tonia,Zenas,Tonia.Zenas@yopmail.com,Tonia.Zenas@gmail.com,developer
504,Catharine,Tufts,Catharine.Tufts@yopmail.com,Catharine.Tufts@gmail.com,police officer
505,Mady,Delacourt,Mady.Delacourt@yopmail.com,Mady.Delacourt@gmail.com,worker
506,Helena,Alcott,Helena.Alcott@yopmail.com,Helena.Alcott@gmail.com,worker
507,Adele,Matthew,Adele.Matthew@yopmail.com,Adele.Matthew@gmail.com,worker
508,Robinia,Phi,Robinia.Phi@yopmail.com,Robinia.Phi@gmail.com,doctor
509,Florie,Gillan,Florie.Gillan@yopmail.com,Florie.Gillan@gmail.com,police officer
510,Leanna,Karylin,Leanna.Karylin@yopmail.com,Leanna.Karylin@gmail.com,worker
511,Gisela,Sacken,Gisela.Sacken@yopmail.com,Gisela.Sacken@gmail.com,doctor
512,Jasmina,Marsden,Jasmina.Marsden@yopmail.com,Jasmina.Marsden@gmail.com,police officer
513,Linet,Malanie,Linet.Malanie@yopmail.com,Linet.Malanie@gmail.com,developer
514,Elmira,Santoro,Elmira.Santoro@yopmail.com,Elmira.Santoro@gmail.com,police officer
515,Caritta,Donoghue,Caritta.Donoghue@yopmail.com,Caritta.Donoghue@gmail.com,police officer
516,Amelia,Hewitt,Amelia.Hewitt@yopmail.com,Amelia.Hewitt@gmail.com,worker
517,Lacie,Gerge,Lacie.Gerge@yopmail.com,Lacie.Gerge@gmail.com,firefighter
518,Tilly,Reneta,Tilly.Reneta@yopmail.com,Tilly.Reneta@gmail.com,worker
519,Fawne,Gunn,Fawne.Gunn@yopmail.com,Fawne.Gunn@gmail.com,firefighter
520,Hyacinthe,Mich,Hyacinthe.Mich@yopmail.com,Hyacinthe.Mich@gmail.com,developer
521,Gertrud,Marcellus,Gertrud.Marcellus@yopmail.com,Gertrud.Marcellus@gmail.com,firefighter
522,Christal,Sparhawk,Christal.Sparhawk@yopmail.com,Christal.Sparhawk@gmail.com,firefighter
523,Danny,Douglass,Danny.Douglass@yopmail.com,Danny.Douglass@gmail.com,developer
524,Blondelle,Dash,Blondelle.Dash@yopmail.com,Blondelle.Dash@gmail.com,developer
525,Blake,Rosalba,Blake.Rosalba@yopmail.com,Blake.Rosalba@gmail.com,doctor
526,Mary,Gladstone,Mary.Gladstone@yopmail.com,Mary.Gladstone@gmail.com,police officer
527,Charmaine,Wenoa,Charmaine.Wenoa@yopmail.com,Charmaine.Wenoa@gmail.com,developer
528,Nanete,Ade,Nanete.Ade@yopmail.com,Nanete.Ade@gmail.com,doctor
529,Henriette,Dielu,Henriette.Dielu@yopmail.com,Henriette.Dielu@gmail.com,doctor
530,Sidoney,Shuler,Sidoney.Shuler@yopmail.com,Sidoney.Shuler@gmail.com,police officer
531,Micheline,Germann,Micheline.Germann@yopmail.com,Micheline.Germann@gmail.com,worker
532,Danika,August,Danika.August@yopmail.com,Danika.August@gmail.com,firefighter
533,Helsa,Teryn,Helsa.Teryn@yopmail.com,Helsa.Teryn@gmail.com,developer
534,Bertine,Bultman,Bertine.Bultman@yopmail.com,Bertine.Bultman@gmail.com,worker
535,Veda,Mozelle,Veda.Mozelle@yopmail.com,Veda.Mozelle@gmail.com,developer
536,Bill,Richers,Bill.Richers@yopmail.com,Bill.Richers@gmail.com,police officer
537,Rosanne,Vale,Rosanne.Vale@yopmail.com,Rosanne.Vale@gmail.com,developer
538,Althea,Esmaria,Althea.Esmaria@yopmail.com,Althea.Esmaria@gmail.com,police officer
539,Nannie,Peg,Nannie.Peg@yopmail.com,Nannie.Peg@gmail.com,doctor
540,Jasmina,Saree,Jasmina.Saree@yopmail.com,Jasmina.Saree@gmail.com,police officer
541,Emmey,Behre,Emmey.Behre@yopmail.com,Emmey.Behre@gmail.com,firefighter
542,Arabel,Isacco,Arabel.Isacco@yopmail.com,Arabel.Isacco@gmail.com,police officer
543,Dotty,Chabot,Dotty.Chabot@yopmail.com,Dotty.Chabot@gmail.com,police officer
544,Cassandra,Wu,Cassandra.Wu@yopmail.com,Cassandra.Wu@gmail.com,police officer
545,Trixi,Jehu,Trixi.Jehu@yopmail.com,Trixi.Jehu@gmail.com,doctor
546,Ariela,Bohlin,Ariela.Bohlin@yopmail.com,Ariela.Bohlin@gmail.com,doctor
547,Letizia,Sancho,Letizia.Sancho@yopmail.com,Letizia.Sancho@gmail.com,developer
548,Starla,Gusella,Starla.Gusella@yopmail.com,Starla.Gusella@gmail.com,police officer
549,Marnia,Jehu,Marnia.Jehu@yopmail.com,Marnia.Jehu@gmail.com,developer
550,Peri,Rurik,Peri.Rurik@yopmail.com,Peri.Rurik@gmail.com,police officer
551,Selia,Killigrew,Selia.Killigrew@yopmail.com,Selia.Killigrew@gmail.com,police officer
552,Barbi,Vary,Barbi.Vary@yopmail.com,Barbi.Vary@gmail.com,firefighter
553,Chandra,Seessel,Chandra.Seessel@yopmail.com,Chandra.Seessel@gmail.com,doctor
554,Cyndie,Luhe,Cyndie.Luhe@yopmail.com,Cyndie.Luhe@gmail.com,developer
555,Gui,Sandye,Gui.Sandye@yopmail.com,Gui.Sandye@gmail.com,developer
556,Donnie,Zaslow,Donnie.Zaslow@yopmail.com,Donnie.Zaslow@gmail.com,doctor
557,Yolane,Wind,Yolane.Wind@yopmail.com,Yolane.Wind@gmail.com,doctor
558,Amalie,Papageno,Amalie.Papageno@yopmail.com,Amalie.Papageno@gmail.com,developer
559,Starla,Clie,Starla.Clie@yopmail.com,Starla.Clie@gmail.com,developer
560,Roslyn,Goerke,Roslyn.Goerke@yopmail.com,Roslyn.Goerke@gmail.com,doctor
561,Tori,Alexandr,Tori.Alexandr@yopmail.com,Tori.Alexandr@gmail.com,firefighter
562,Lelah,Aldric,Lelah.Aldric@yopmail.com,Lelah.Aldric@gmail.com,firefighter
563,Ermengarde,Madaih,Ermengarde.Madaih@yopmail.com,Ermengarde.Madaih@gmail.com,developer
564,Hyacinthe,Chauncey,Hyacinthe.Chauncey@yopmail.com,Hyacinthe.Chauncey@gmail.com,worker
565,Brandise,Noelyn,Brandise.Noelyn@yopmail.com,Brandise.Noelyn@gmail.com,police officer
566,Jasmina,Bates,Jasmina.Bates@yopmail.com,Jasmina.Bates@gmail.com,worker
567,Carmencita,McCutcheon,Carmencita.McCutcheon@yopmail.com,Carmencita.McCutcheon@gmail.com,police officer
568,Fanchon,Carlson,Fanchon.Carlson@yopmail.com,Fanchon.Carlson@gmail.com,police officer
569,Sabina,Baudin,Sabina.Baudin@yopmail.com,Sabina.Baudin@gmail.com,worker
570,Caritta,Maples,Caritta.Maples@yopmail.com,Caritta.Maples@gmail.com,worker
571,Winifred,Jobi,Winifred.Jobi@yopmail.com,Winifred.Jobi@gmail.com,firefighter
572,Lolita,Stav,Lolita.Stav@yopmail.com,Lolita.Stav@gmail.com,worker
573,Anthia,Sabella,Anthia.Sabella@yopmail.com,Anthia.Sabella@gmail.com,police officer
574,Betta,Bethany,Betta.Bethany@yopmail.com,Betta.Bethany@gmail.com,firefighter
575,Alyda,Marsden,Alyda.Marsden@yopmail.com,Alyda.Marsden@gmail.com,developer
576,Jennica,Geffner,Jennica.Geffner@yopmail.com,Jennica.Geffner@gmail.com,worker
577,Stephanie,Margret,Stephanie.Margret@yopmail.com,Stephanie.Margret@gmail.com,police officer
578,Valli,Pitt,Valli.Pitt@yopmail.com,Valli.Pitt@gmail.com,developer
579,Willetta,Ochs,Willetta.Ochs@yopmail.com,Willetta.Ochs@gmail.com,worker
580,Nannie,Niccolo,Nannie.Niccolo@yopmail.com,Nannie.Niccolo@gmail.com,firefighter
581,Leona,Suk,Leona.Suk@yopmail.com,Leona.Suk@gmail.com,doctor
582,Drucie,Rozanna,Drucie.Rozanna@yopmail.com,Drucie.Rozanna@gmail.com,doctor
583,Sybille,Jenness,Sybille.Jenness@yopmail.com,Sybille.Jenness@gmail.com,worker
584,Lusa,Jeanne,Lusa.Jeanne@yopmail.com,Lusa.Jeanne@gmail.com,doctor
585,Katharina,Sidonius,Katharina.Sidonius@yopmail.com,Katharina.Sidonius@gmail.com,developer
586,Cam,Candy,Cam.Candy@yopmail.com,Cam.Candy@gmail.com,developer
587,Julieta,Moseley,Julieta.Moseley@yopmail.com,Julieta.Moseley@gmail.com,doctor
588,Vevay,Randene,Vevay.Randene@yopmail.com,Vevay.Randene@gmail.com,firefighter
589,Melanie,Milde,Melanie.Milde@yopmail.com,Melanie.Milde@gmail.com,worker
590,Rosene,Madaih,Rosene.Madaih@yopmail.com,Rosene.Madaih@gmail.com,worker
591,Tiffie,Rhu,Tiffie.Rhu@yopmail.com,Tiffie.Rhu@gmail.com,developer
592,Talya,Trey,Talya.Trey@yopmail.com,Talya.Trey@gmail.com,worker
593,Bee,Hortensia,Bee.Hortensia@yopmail.com,Bee.Hortensia@gmail.com,doctor
594,Asia,Carvey,Asia.Carvey@yopmail.com,Asia.Carvey@gmail.com,worker
595,Winny,Erb,Winny.Erb@yopmail.com,Winny.Erb@gmail.com,worker
596,Elie,Firmin,Elie.Firmin@yopmail.com,Elie.Firmin@gmail.com,developer
597,Babita,Yuille,Babita.Yuille@yopmail.com,Babita.Yuille@gmail.com,police officer
598,Winifred,Greenwald,Winifred.Greenwald@yopmail.com,Winifred.Greenwald@gmail.com,firefighter
599,Liana,Maurine,Liana.Maurine@yopmail.com,Liana.Maurine@gmail.com,firefighter
600,Ernesta,Hunfredo,Ernesta.Hunfredo@yopmail.com,Ernesta.Hunfredo@gmail.com,firefighter
601,Violet,Hartnett,Violet.Hartnett@yopmail.com,Violet.Hartnett@gmail.com,developer
602,Annora,Maroney,Annora.Maroney@yopmail.com,Annora.Maroney@gmail.com,developer
603,Adelle,Millda,Adelle.Millda@yopmail.com,Adelle.Millda@gmail.com,developer
604,Corly,Dash,Corly.Dash@yopmail.com,Corly.Dash@gmail.com,doctor
605,Annecorinne,Berne,Annecorinne.Berne@yopmail.com,Annecorinne.Berne@gmail.com,police officer
606,Andree,Lunsford,Andree.Lunsford@yopmail.com,Andree.Lunsford@gmail.com,firefighter
607,Riannon,Fontana,Riannon.Fontana@yopmail.com,Riannon.Fontana@gmail.com,doctor
608,Regina,Torray,Regina.Torray@yopmail.com,Regina.Torray@gmail.com,doctor
609,Atlanta,Lauraine,Atlanta.Lauraine@yopmail.com,Atlanta.Lauraine@gmail.com,police officer
610,Robinia,Strephon,Robinia.Strephon@yopmail.com,Robinia.Strephon@gmail.com,doctor
611,Xylina,Giule,Xylina.Giule@yopmail.com,Xylina.Giule@gmail.com,firefighter
612,Florie,Oscar,Florie.Oscar@yopmail.com,Florie.Oscar@gmail.com,worker
613,Amelia,Papageno,Amelia.Papageno@yopmail.com,Amelia.Papageno@gmail.com,developer
614,Kirbee,Arvo,Kirbee.Arvo@yopmail.com,Kirbee.Arvo@gmail.com,firefighter
615,Raquela,Afton,Raquela.Afton@yopmail.com,Raquela.Afton@gmail.com,doctor
616,Mireielle,Casimir,Mireielle.Casimir@yopmail.com,Mireielle.Casimir@gmail.com,doctor
617,Jsandye,Boehike,Jsandye.Boehike@yopmail.com,Jsandye.Boehike@gmail.com,worker
618,Lanna,Gunn,Lanna.Gunn@yopmail.com,Lanna.Gunn@gmail.com,developer
619,Norine,Heidt,Norine.Heidt@yopmail.com,Norine.Heidt@gmail.com,firefighter
620,Shandie,Nester,Shandie.Nester@yopmail.com,Shandie.Nester@gmail.com,developer
621,Christy,Miru,Christy.Miru@yopmail.com,Christy.Miru@gmail.com,worker
622,Gerianna,Faria,Gerianna.Faria@yopmail.com,Gerianna.Faria@gmail.com,police officer
623,Tobe,Emmy,Tobe.Emmy@yopmail.com,Tobe.Emmy@gmail.com,police officer
624,Devina,Mauer,Devina.Mauer@yopmail.com,Devina.Mauer@gmail.com,firefighter
625,Nanete,Sawtelle,Nanete.Sawtelle@yopmail.com,Nanete.Sawtelle@gmail.com,doctor
626,Selia,Ventre,Selia.Ventre@yopmail.com,Selia.Ventre@gmail.com,firefighter
627,Elora,Anton,Elora.Anton@yopmail.com,Elora.Anton@gmail.com,developer
628,Perry,Dowski,Perry.Dowski@yopmail.com,Perry.Dowski@gmail.com,worker
629,Rozele,Bendick,Rozele.Bendick@yopmail.com,Rozele.Bendick@gmail.com,doctor
630,Valeda,Lareena,Valeda.Lareena@yopmail.com,Valeda.Lareena@gmail.com,police officer
631,Glenda,Maribeth,Glenda.Maribeth@yopmail.com,Glenda.Maribeth@gmail.com,worker
632,Jany,Sallyann,Jany.Sallyann@yopmail.com,Jany.Sallyann@gmail.com,police officer
633,Courtnay,Podvin,Courtnay.Podvin@yopmail.com,Courtnay.Podvin@gmail.com,worker
634,Nicoli,Bluh,Nicoli.Bluh@yopmail.com,Nicoli.Bluh@gmail.com,doctor
635,Libbie,Ailyn,Libbie.Ailyn@yopmail.com,Libbie.Ailyn@gmail.com,police officer
636,Sindee,Warthman,Sindee.Warthman@yopmail.com,Sindee.Warthman@gmail.com,developer
637,Sharai,Rona,Sharai.Rona@yopmail.com,Sharai.Rona@gmail.com,developer
638,Rozele,Leifeste,Rozele.Leifeste@yopmail.com,Rozele.Leifeste@gmail.com,firefighter
639,Meghann,Center,Meghann.Center@yopmail.com,Meghann.Center@gmail.com,worker
640,Minne,Jagir,Minne.Jagir@yopmail.com,Minne.Jagir@gmail.com,police officer
641,Tamqrah,Pierette,Tamqrah.Pierette@yopmail.com,Tamqrah.Pierette@gmail.com,firefighter
642,Janis,Justinn,Janis.Justinn@yopmail.com,Janis.Justinn@gmail.com,worker
643,Mady,Philipp,Mady.Philipp@yopmail.com,Mady.Philipp@gmail.com,worker
644,Fanchon,Edvard,Fanchon.Edvard@yopmail.com,Fanchon.Edvard@gmail.com,firefighter
645,Inga,Ehrman,Inga.Ehrman@yopmail.com,Inga.Ehrman@gmail.com,police officer
646,Ebonee,Ludewig,Ebonee.Ludewig@yopmail.com,Ebonee.Ludewig@gmail.com,doctor
647,Genovera,Myrilla,Genovera.Myrilla@yopmail.com,Genovera.Myrilla@gmail.com,worker
648,Shauna,Girardo,Shauna.Girardo@yopmail.com,Shauna.Girardo@gmail.com,worker
649,Chere,Bouchard,Chere.Bouchard@yopmail.com,Chere.Bouchard@gmail.com,doctor
650,Aurore,Llovera,Aurore.Llovera@yopmail.com,Aurore.Llovera@gmail.com,doctor
651,Hildegaard,Stevy,Hildegaard.Stevy@yopmail.com,Hildegaard.Stevy@gmail.com,doctor
652,Kary,Abernon,Kary.Abernon@yopmail.com,Kary.Abernon@gmail.com,doctor
653,Jacquetta,Colleen,Jacquetta.Colleen@yopmail.com,Jacquetta.Colleen@gmail.com,worker
654,Lynnea,Jeanne,Lynnea.Jeanne@yopmail.com,Lynnea.Jeanne@gmail.com,police officer
655,Valli,Darrell,Valli.Darrell@yopmail.com,Valli.Darrell@gmail.com,developer
656,Selia,Amadas,Selia.Amadas@yopmail.com,Selia.Amadas@gmail.com,worker
657,Jennica,Alwin,Jennica.Alwin@yopmail.com,Jennica.Alwin@gmail.com,firefighter
658,Meghann,Carleen,Meghann.Carleen@yopmail.com,Meghann.Carleen@gmail.com,doctor
659,Carlie,Shelba,Carlie.Shelba@yopmail.com,Carlie.Shelba@gmail.com,doctor
660,Darlleen,Viddah,Darlleen.Viddah@yopmail.com,Darlleen.Viddah@gmail.com,firefighter
661,Oralee,Marlie,Oralee.Marlie@yopmail.com,Oralee.Marlie@gmail.com,doctor
662,Tamqrah,Concha,Tamqrah.Concha@yopmail.com,Tamqrah.Concha@gmail.com,developer
663,Cristine,Urania,Cristine.Urania@yopmail.com,Cristine.Urania@gmail.com,developer
664,Aimil,Janith,Aimil.Janith@yopmail.com,Aimil.Janith@gmail.com,police officer
665,Marguerite,Cath,Marguerite.Cath@yopmail.com,Marguerite.Cath@gmail.com,doctor
666,Jenda,Arley,Jenda.Arley@yopmail.com,Jenda.Arley@gmail.com,worker
667,Edith,An,Edith.An@yopmail.com,Edith.An@gmail.com,developer
668,Lindie,Mich,Lindie.Mich@yopmail.com,Lindie.Mich@gmail.com,developer
669,Rivalee,Afton,Rivalee.Afton@yopmail.com,Rivalee.Afton@gmail.com,firefighter
670,Aigneis,Hazlett,Aigneis.Hazlett@yopmail.com,Aigneis.Hazlett@gmail.com,firefighter
671,Phylis,Klotz,Phylis.Klotz@yopmail.com,Phylis.Klotz@gmail.com,worker
672,Jordan,Tatianas,Jordan.Tatianas@yopmail.com,Jordan.Tatianas@gmail.com,police officer
673,Elbertina,Loeb,Elbertina.Loeb@yopmail.com,Elbertina.Loeb@gmail.com,worker
674,Sherrie,Wandie,Sherrie.Wandie@yopmail.com,Sherrie.Wandie@gmail.com,worker
675,Alameda,Morrill,Alameda.Morrill@yopmail.com,Alameda.Morrill@gmail.com,firefighter
676,Leontine,Henrie,Leontine.Henrie@yopmail.com,Leontine.Henrie@gmail.com,doctor
677,Siana,Sheedy,Siana.Sheedy@yopmail.com,Siana.Sheedy@gmail.com,police officer
678,Gerrie,Dorothy,Gerrie.Dorothy@yopmail.com,Gerrie.Dorothy@gmail.com,firefighter
679,Odessa,Bandeen,Odessa.Bandeen@yopmail.com,Odessa.Bandeen@gmail.com,developer
680,Blake,Lilybelle,Blake.Lilybelle@yopmail.com,Blake.Lilybelle@gmail.com,developer
681,Wynne,Joni,Wynne.Joni@yopmail.com,Wynne.Joni@gmail.com,police officer
682,Karena,Ellord,Karena.Ellord@yopmail.com,Karena.Ellord@gmail.com,doctor
683,Jobi,Justinn,Jobi.Justinn@yopmail.com,Jobi.Justinn@gmail.com,developer
684,Queenie,Skell,Queenie.Skell@yopmail.com,Queenie.Skell@gmail.com,worker
685,Micheline,Sinegold,Micheline.Sinegold@yopmail.com,Micheline.Sinegold@gmail.com,police officer
686,Deedee,Kylander,Deedee.Kylander@yopmail.com,Deedee.Kylander@gmail.com,firefighter
687,Fernande,Stuart,Fernande.Stuart@yopmail.com,Fernande.Stuart@gmail.com,firefighter
688,Brana,Mich,Brana.Mich@yopmail.com,Brana.Mich@gmail.com,firefighter
689,Feliza,Naor,Feliza.Naor@yopmail.com,Feliza.Naor@gmail.com,firefighter
690,Madelle,Stilwell,Madelle.Stilwell@yopmail.com,Madelle.Stilwell@gmail.com,doctor
691,Mellicent,Fleeta,Mellicent.Fleeta@yopmail.com,Mellicent.Fleeta@gmail.com,worker
692,Gale,Blake,Gale.Blake@yopmail.com,Gale.Blake@gmail.com,developer
693,Cassandra,Aprile,Cassandra.Aprile@yopmail.com,Cassandra.Aprile@gmail.com,doctor
694,Cherilyn,Fairweather,Cherilyn.Fairweather@yopmail.com,Cherilyn.Fairweather@gmail.com,police officer
695,Margalo,Nicoline,Margalo.Nicoline@yopmail.com,Margalo.Nicoline@gmail.com,worker
696,Sara-Ann,Tengdin,Sara-Ann.Tengdin@yopmail.com,Sara-Ann.Tengdin@gmail.com,doctor
697,Frieda,Abram,Frieda.Abram@yopmail.com,Frieda.Abram@gmail.com,police officer
698,Queenie,Halla,Queenie.Halla@yopmail.com,Queenie.Halla@gmail.com,worker
699,Darlleen,Pond,Darlleen.Pond@yopmail.com,Darlleen.Pond@gmail.com,doctor
700,Larine,Bibi,Larine.Bibi@yopmail.com,Larine.Bibi@gmail.com,police officer
701,Philis,Borrell,Philis.Borrell@yopmail.com,Philis.Borrell@gmail.com,worker
702,Claresta,Madaih,Claresta.Madaih@yopmail.com,Claresta.Madaih@gmail.com,doctor
703,Betta,Libna,Betta.Libna@yopmail.com,Betta.Libna@gmail.com,firefighter
704,Letizia,Saree,Letizia.Saree@yopmail.com,Letizia.Saree@gmail.com,developer
705,Lonnie,Moina,Lonnie.Moina@yopmail.com,Lonnie.Moina@gmail.com,firefighter
706,Merrie,Boehike,Merrie.Boehike@yopmail.com,Merrie.Boehike@gmail.com,police officer
707,Tressa,Plato,Tressa.Plato@yopmail.com,Tressa.Plato@gmail.com,doctor
708,Laurene,Pyle,Laurene.Pyle@yopmail.com,Laurene.Pyle@gmail.com,police officer
709,Bernardine,Kevon,Bernardine.Kevon@yopmail.com,Bernardine.Kevon@gmail.com,firefighter
710,Jessy,Darian,Jessy.Darian@yopmail.com,Jessy.Darian@gmail.com,developer
711,Kial,Gino,Kial.Gino@yopmail.com,Kial.Gino@gmail.com,doctor
712,Angelique,McGrody,Angelique.McGrody@yopmail.com,Angelique.McGrody@gmail.com,firefighter
713,Genovera,Rugen,Genovera.Rugen@yopmail.com,Genovera.Rugen@gmail.com,developer
714,Xylina,Velick,Xylina.Velick@yopmail.com,Xylina.Velick@gmail.com,firefighter
715,Averyl,Rodmann,Averyl.Rodmann@yopmail.com,Averyl.Rodmann@gmail.com,developer
716,Danika,Cottle,Danika.Cottle@yopmail.com,Danika.Cottle@gmail.com,developer
717,Beatriz,Elbertina,Beatriz.Elbertina@yopmail.com,Beatriz.Elbertina@gmail.com,doctor
718,Tybie,Whiffen,Tybie.Whiffen@yopmail.com,Tybie.Whiffen@gmail.com,doctor
719,Cyndie,Israeli,Cyndie.Israeli@yopmail.com,Cyndie.Israeli@gmail.com,firefighter
720,Angelique,Vale,Angelique.Vale@yopmail.com,Angelique.Vale@gmail.com,doctor
721,Vinita,Ehrman,Vinita.Ehrman@yopmail.com,Vinita.Ehrman@gmail.com,developer
722,Konstance,Lasley,Konstance.Lasley@yopmail.com,Konstance.Lasley@gmail.com,worker
723,Regina,Iphlgenia,Regina.Iphlgenia@yopmail.com,Regina.Iphlgenia@gmail.com,firefighter
724,Laurene,Stacy,Laurene.Stacy@yopmail.com,Laurene.Stacy@gmail.com,firefighter
725,Ellette,Shields,Ellette.Shields@yopmail.com,Ellette.Shields@gmail.com,developer
726,Britni,Koehler,Britni.Koehler@yopmail.com,Britni.Koehler@gmail.com,developer
727,Fayre,Olnee,Fayre.Olnee@yopmail.com,Fayre.Olnee@gmail.com,doctor
728,Vinita,Bigner,Vinita.Bigner@yopmail.com,Vinita.Bigner@gmail.com,police officer
729,Clo,Keily,Clo.Keily@yopmail.com,Clo.Keily@gmail.com,worker
730,Augustine,Chesna,Augustine.Chesna@yopmail.com,Augustine.Chesna@gmail.com,developer
731,Ezmeralda,Kunin,Ezmeralda.Kunin@yopmail.com,Ezmeralda.Kunin@gmail.com,developer
732,Nananne,Kussell,Nananne.Kussell@yopmail.com,Nananne.Kussell@gmail.com,firefighter
733,Gaylene,Ochs,Gaylene.Ochs@yopmail.com,Gaylene.Ochs@gmail.com,developer
734,Etta,Martguerita,Etta.Martguerita@yopmail.com,Etta.Martguerita@gmail.com,firefighter
735,Rozele,Evangelia,Rozele.Evangelia@yopmail.com,Rozele.Evangelia@gmail.com,doctor
736,Heida,Sheng,Heida.Sheng@yopmail.com,Heida.Sheng@gmail.com,police officer
737,Gerianna,Ciapas,Gerianna.Ciapas@yopmail.com,Gerianna.Ciapas@gmail.com,firefighter
738,Rochette,Neils,Rochette.Neils@yopmail.com,Rochette.Neils@gmail.com,developer
739,Clo,Haldas,Clo.Haldas@yopmail.com,Clo.Haldas@gmail.com,police officer
740,Mady,Dunkin,Mady.Dunkin@yopmail.com,Mady.Dunkin@gmail.com,doctor
741,Steffane,Martguerita,Steffane.Martguerita@yopmail.com,Steffane.Martguerita@gmail.com,doctor
742,Diena,Khorma,Diena.Khorma@yopmail.com,Diena.Khorma@gmail.com,doctor
743,Miquela,Raama,Miquela.Raama@yopmail.com,Miquela.Raama@gmail.com,firefighter
744,Gilligan,Solitta,Gilligan.Solitta@yopmail.com,Gilligan.Solitta@gmail.com,firefighter
745,Allyce,Hashim,Allyce.Hashim@yopmail.com,Allyce.Hashim@gmail.com,doctor
746,Sean,Malvino,Sean.Malvino@yopmail.com,Sean.Malvino@gmail.com,police officer
747,Almeta,Xerxes,Almeta.Xerxes@yopmail.com,Almeta.Xerxes@gmail.com,doctor
748,Sissy,Jenness,Sissy.Jenness@yopmail.com,Sissy.Jenness@gmail.com,firefighter
749,Nataline,Chrystel,Nataline.Chrystel@yopmail.com,Nataline.Chrystel@gmail.com,firefighter
750,Dorene,Kenwood,Dorene.Kenwood@yopmail.com,Dorene.Kenwood@gmail.com,doctor
751,Laure,Vanni,Laure.Vanni@yopmail.com,Laure.Vanni@gmail.com,police officer
752,Briney,Nisbet,Briney.Nisbet@yopmail.com,Briney.Nisbet@gmail.com,developer
753,Ada,Elephus,Ada.Elephus@yopmail.com,Ada.Elephus@gmail.com,worker
754,Etta,Henebry,Etta.Henebry@yopmail.com,Etta.Henebry@gmail.com,police officer
755,Margarette,Bronk,Margarette.Bronk@yopmail.com,Margarette.Bronk@gmail.com,developer
756,Giustina,Garek,Giustina.Garek@yopmail.com,Giustina.Garek@gmail.com,police officer
757,Karina,Ochs,Karina.Ochs@yopmail.com,Karina.Ochs@gmail.com,worker
758,Renie,Hedve,Renie.Hedve@yopmail.com,Renie.Hedve@gmail.com,firefighter
759,Amii,Dannye,Amii.Dannye@yopmail.com,Amii.Dannye@gmail.com,firefighter
760,Valeda,Garek,Valeda.Garek@yopmail.com,Valeda.Garek@gmail.com,worker
761,Maud,Fulmer,Maud.Fulmer@yopmail.com,Maud.Fulmer@gmail.com,police officer
762,Glynnis,Uund,Glynnis.Uund@yopmail.com,Glynnis.Uund@gmail.com,doctor
763,Andree,Jaylene,Andree.Jaylene@yopmail.com,Andree.Jaylene@gmail.com,developer
764,Julieta,Latini,Julieta.Latini@yopmail.com,Julieta.Latini@gmail.com,doctor
765,Consuela,Brandice,Consuela.Brandice@yopmail.com,Consuela.Brandice@gmail.com,worker
766,Lucille,Jacinda,Lucille.Jacinda@yopmail.com,Lucille.Jacinda@gmail.com,developer
767,Renae,Gaulin,Renae.Gaulin@yopmail.com,Renae.Gaulin@gmail.com,developer
768,Henriette,Ingra,Henriette.Ingra@yopmail.com,Henriette.Ingra@gmail.com,police officer
769,Carolina,Goerke,Carolina.Goerke@yopmail.com,Carolina.Goerke@gmail.com,firefighter
770,Carolina,Keily,Carolina.Keily@yopmail.com,Carolina.Keily@gmail.com,developer
771,Madeleine,Gladstone,Madeleine.Gladstone@yopmail.com,Madeleine.Gladstone@gmail.com,doctor
772,Kittie,Sholley,Kittie.Sholley@yopmail.com,Kittie.Sholley@gmail.com,developer
773,Yvonne,Colleen,Yvonne.Colleen@yopmail.com,Yvonne.Colleen@gmail.com,developer
774,Merci,Helve,Merci.Helve@yopmail.com,Merci.Helve@gmail.com,worker
775,Zia,Danby,Zia.Danby@yopmail.com,Zia.Danby@gmail.com,firefighter
776,Ronna,Lemuela,Ronna.Lemuela@yopmail.com,Ronna.Lemuela@gmail.com,doctor
777,Diena,Baptlsta,Diena.Baptlsta@yopmail.com,Diena.Baptlsta@gmail.com,police officer
778,Kittie,Poppy,Kittie.Poppy@yopmail.com,Kittie.Poppy@gmail.com,developer
779,Kaja,Marcellus,Kaja.Marcellus@yopmail.com,Kaja.Marcellus@gmail.com,police officer
780,Orelia,Thema,Orelia.Thema@yopmail.com,Orelia.Thema@gmail.com,developer
781,Lyssa,LaRue,Lyssa.LaRue@yopmail.com,Lyssa.LaRue@gmail.com,doctor
782,Chloris,Norvol,Chloris.Norvol@yopmail.com,Chloris.Norvol@gmail.com,worker
783,Iseabal,Olin,Iseabal.Olin@yopmail.com,Iseabal.Olin@gmail.com,worker
784,Raf,Lorenz,Raf.Lorenz@yopmail.com,Raf.Lorenz@gmail.com,worker
785,Alleen,Kosey,Alleen.Kosey@yopmail.com,Alleen.Kosey@gmail.com,firefighter
786,Nonnah,Kermit,Nonnah.Kermit@yopmail.com,Nonnah.Kermit@gmail.com,developer
787,Leia,Larochelle,Leia.Larochelle@yopmail.com,Leia.Larochelle@gmail.com,worker
788,Felice,Presber,Felice.Presber@yopmail.com,Felice.Presber@gmail.com,developer
789,Oona,Bach,Oona.Bach@yopmail.com,Oona.Bach@gmail.com,worker
790,Wynne,Rillings,Wynne.Rillings@yopmail.com,Wynne.Rillings@gmail.com,worker
791,Libbie,Kamaria,Libbie.Kamaria@yopmail.com,Libbie.Kamaria@gmail.com,doctor
792,Allis,Stilwell,Allis.Stilwell@yopmail.com,Allis.Stilwell@gmail.com,developer
793,Elora,Shanley,Elora.Shanley@yopmail.com,Elora.Shanley@gmail.com,developer
794,Cristabel,Jacinda,Cristabel.Jacinda@yopmail.com,Cristabel.Jacinda@gmail.com,worker
795,Jean,Wolfgram,Jean.Wolfgram@yopmail.com,Jean.Wolfgram@gmail.com,police officer
796,Randa,Maisey,Randa.Maisey@yopmail.com,Randa.Maisey@gmail.com,doctor
797,Kimmy,Etom,Kimmy.Etom@yopmail.com,Kimmy.Etom@gmail.com,worker
798,Alyssa,Sholley,Alyssa.Sholley@yopmail.com,Alyssa.Sholley@gmail.com,doctor
799,Emelina,Jalbert,Emelina.Jalbert@yopmail.com,Emelina.Jalbert@gmail.com,firefighter
800,Tersina,Berriman,Tersina.Berriman@yopmail.com,Tersina.Berriman@gmail.com,firefighter
801,Corene,Holbrook,Corene.Holbrook@yopmail.com,Corene.Holbrook@gmail.com,worker
802,Liana,Fink,Liana.Fink@yopmail.com,Liana.Fink@gmail.com,worker
803,Loree,Georgy,Loree.Georgy@yopmail.com,Loree.Georgy@gmail.com,police officer
804,Frieda,Neva,Frieda.Neva@yopmail.com,Frieda.Neva@gmail.com,worker
805,Lilith,Bebe,Lilith.Bebe@yopmail.com,Lilith.Bebe@gmail.com,worker
806,Rebeca,Moseley,Rebeca.Moseley@yopmail.com,Rebeca.Moseley@gmail.com,police officer
807,Elora,Cutlerr,Elora.Cutlerr@yopmail.com,Elora.Cutlerr@gmail.com,firefighter
808,Aigneis,Girardo,Aigneis.Girardo@yopmail.com,Aigneis.Girardo@gmail.com,firefighter
809,Rochette,Laurianne,Rochette.Laurianne@yopmail.com,Rochette.Laurianne@gmail.com,worker
810,Babita,Pandolfi,Babita.Pandolfi@yopmail.com,Babita.Pandolfi@gmail.com,doctor
811,Juliane,Koehler,Juliane.Koehler@yopmail.com,Juliane.Koehler@gmail.com,developer
812,Jany,Susannah,Jany.Susannah@yopmail.com,Jany.Susannah@gmail.com,police officer
813,Meghann,Presber,Meghann.Presber@yopmail.com,Meghann.Presber@gmail.com,worker
814,Christal,Lenny,Christal.Lenny@yopmail.com,Christal.Lenny@gmail.com,doctor
815,Rebeca,Demitria,Rebeca.Demitria@yopmail.com,Rebeca.Demitria@gmail.com,worker
816,Dawn,Catie,Dawn.Catie@yopmail.com,Dawn.Catie@gmail.com,worker
817,Johna,Borrell,Johna.Borrell@yopmail.com,Johna.Borrell@gmail.com,developer
818,Phedra,Chaing,Phedra.Chaing@yopmail.com,Phedra.Chaing@gmail.com,police officer
819,Kittie,Devlen,Kittie.Devlen@yopmail.com,Kittie.Devlen@gmail.com,police officer
820,Dotty,Zaslow,Dotty.Zaslow@yopmail.com,Dotty.Zaslow@gmail.com,police officer
821,Belva,Cynar,Belva.Cynar@yopmail.com,Belva.Cynar@gmail.com,worker
822,Wendi,Boycey,Wendi.Boycey@yopmail.com,Wendi.Boycey@gmail.com,developer
823,Ebonee,Velick,Ebonee.Velick@yopmail.com,Ebonee.Velick@gmail.com,police officer
824,Wendi,Oscar,Wendi.Oscar@yopmail.com,Wendi.Oscar@gmail.com,firefighter
825,Rayna,Leler,Rayna.Leler@yopmail.com,Rayna.Leler@gmail.com,developer
826,Paule,Margret,Paule.Margret@yopmail.com,Paule.Margret@gmail.com,firefighter
827,Christy,Dorcy,Christy.Dorcy@yopmail.com,Christy.Dorcy@gmail.com,developer
828,Barbi,Chandler,Barbi.Chandler@yopmail.com,Barbi.Chandler@gmail.com,developer
829,Jobi,Maribeth,Jobi.Maribeth@yopmail.com,Jobi.Maribeth@gmail.com,worker
830,Delilah,Rustice,Delilah.Rustice@yopmail.com,Delilah.Rustice@gmail.com,police officer
831,Brandise,Annice,Brandise.Annice@yopmail.com,Brandise.Annice@gmail.com,firefighter
832,Fredericka,Faria,Fredericka.Faria@yopmail.com,Fredericka.Faria@gmail.com,doctor
833,Norine,Xerxes,Norine.Xerxes@yopmail.com,Norine.Xerxes@gmail.com,worker
834,Beth,Henrie,Beth.Henrie@yopmail.com,Beth.Henrie@gmail.com,worker
835,Ericka,Toffic,Ericka.Toffic@yopmail.com,Ericka.Toffic@gmail.com,worker
836,Andeee,Fiester,Andeee.Fiester@yopmail.com,Andeee.Fiester@gmail.com,firefighter
837,Ana,Suk,Ana.Suk@yopmail.com,Ana.Suk@gmail.com,firefighter
838,Dulcinea,Pernick,Dulcinea.Pernick@yopmail.com,Dulcinea.Pernick@gmail.com,firefighter
839,Shaylyn,Erskine,Shaylyn.Erskine@yopmail.com,Shaylyn.Erskine@gmail.com,developer
840,Marcelline,Ogren,Marcelline.Ogren@yopmail.com,Marcelline.Ogren@gmail.com,developer
841,Reeba,Cottle,Reeba.Cottle@yopmail.com,Reeba.Cottle@gmail.com,developer
842,Nataline,McClimans,Nataline.McClimans@yopmail.com,Nataline.McClimans@gmail.com,police officer
843,Goldie,Hashim,Goldie.Hashim@yopmail.com,Goldie.Hashim@gmail.com,doctor
844,Cam,Wyn,Cam.Wyn@yopmail.com,Cam.Wyn@gmail.com,developer
845,Nickie,McGrody,Nickie.McGrody@yopmail.com,Nickie.McGrody@gmail.com,worker
846,Hermione,Cookie,Hermione.Cookie@yopmail.com,Hermione.Cookie@gmail.com,police officer
847,Shannah,Clarissa,Shannah.Clarissa@yopmail.com,Shannah.Clarissa@gmail.com,firefighter
848,Roz,Imelida,Roz.Imelida@yopmail.com,Roz.Imelida@gmail.com,developer
849,Briney,Lail,Briney.Lail@yopmail.com,Briney.Lail@gmail.com,developer
850,Cassondra,Whiffen,Cassondra.Whiffen@yopmail.com,Cassondra.Whiffen@gmail.com,developer
851,Kate,Monaco,Kate.Monaco@yopmail.com,Kate.Monaco@gmail.com,firefighter
852,Ricky,Chinua,Ricky.Chinua@yopmail.com,Ricky.Chinua@gmail.com,police officer
853,Ursulina,Loeb,Ursulina.Loeb@yopmail.com,Ursulina.Loeb@gmail.com,doctor
854,Elie,Poppy,Elie.Poppy@yopmail.com,Elie.Poppy@gmail.com,doctor
855,Shel,Obed,Shel.Obed@yopmail.com,Shel.Obed@gmail.com,firefighter
856,Nicoli,Aprile,Nicoli.Aprile@yopmail.com,Nicoli.Aprile@gmail.com,police officer
857,Rosanne,Brodench,Rosanne.Brodench@yopmail.com,Rosanne.Brodench@gmail.com,developer
858,Jillayne,Ashely,Jillayne.Ashely@yopmail.com,Jillayne.Ashely@gmail.com,doctor
859,Demetris,Randene,Demetris.Randene@yopmail.com,Demetris.Randene@gmail.com,developer
860,Sibella,Maroney,Sibella.Maroney@yopmail.com,Sibella.Maroney@gmail.com,developer
861,Kathy,Gower,Kathy.Gower@yopmail.com,Kathy.Gower@gmail.com,firefighter
862,Rosabelle,Sholley,Rosabelle.Sholley@yopmail.com,Rosabelle.Sholley@gmail.com,worker
863,Maud,Bahr,Maud.Bahr@yopmail.com,Maud.Bahr@gmail.com,developer
864,Aigneis,Virgin,Aigneis.Virgin@yopmail.com,Aigneis.Virgin@gmail.com,doctor
865,Allyce,Ashely,Allyce.Ashely@yopmail.com,Allyce.Ashely@gmail.com,doctor
866,Jennica,Alwin,Jennica.Alwin@yopmail.com,Jennica.Alwin@gmail.com,worker
867,Ulrike,Francene,Ulrike.Francene@yopmail.com,Ulrike.Francene@gmail.com,doctor
868,Alameda,Emmaline,Alameda.Emmaline@yopmail.com,Alameda.Emmaline@gmail.com,developer
869,Blondelle,Miru,Blondelle.Miru@yopmail.com,Blondelle.Miru@gmail.com,developer
870,Phylis,Therine,Phylis.Therine@yopmail.com,Phylis.Therine@gmail.com,doctor
871,Caritta,Suk,Caritta.Suk@yopmail.com,Caritta.Suk@gmail.com,firefighter
872,Trixi,Chinua,Trixi.Chinua@yopmail.com,Trixi.Chinua@gmail.com,worker
873,Shaylyn,Even,Shaylyn.Even@yopmail.com,Shaylyn.Even@gmail.com,developer
874,Cecile,Constancy,Cecile.Constancy@yopmail.com,Cecile.Constancy@gmail.com,developer
875,Vanessa,Ardra,Vanessa.Ardra@yopmail.com,Vanessa.Ardra@gmail.com,firefighter
876,Brynna,Pip,Brynna.Pip@yopmail.com,Brynna.Pip@gmail.com,developer
877,Carree,Howlyn,Carree.Howlyn@yopmail.com,Carree.Howlyn@gmail.com,doctor
878,Randa,Gordon,Randa.Gordon@yopmail.com,Randa.Gordon@gmail.com,developer
879,Sara-Ann,Edison,Sara-Ann.Edison@yopmail.com,Sara-Ann.Edison@gmail.com,worker
880,Vita,Peg,Vita.Peg@yopmail.com,Vita.Peg@gmail.com,doctor
881,Lexine,Jobi,Lexine.Jobi@yopmail.com,Lexine.Jobi@gmail.com,worker
882,Louella,Alwin,Louella.Alwin@yopmail.com,Louella.Alwin@gmail.com,developer
883,Kayla,Blake,Kayla.Blake@yopmail.com,Kayla.Blake@gmail.com,firefighter
884,Merry,Gino,Merry.Gino@yopmail.com,Merry.Gino@gmail.com,worker
885,Roz,Jammal,Roz.Jammal@yopmail.com,Roz.Jammal@gmail.com,doctor
886,Merry,Harned,Merry.Harned@yopmail.com,Merry.Harned@gmail.com,developer
887,Jorry,Garek,Jorry.Garek@yopmail.com,Jorry.Garek@gmail.com,developer
888,Mignon,Iphlgenia,Mignon.Iphlgenia@yopmail.com,Mignon.Iphlgenia@gmail.com,police officer
889,Kara-Lynn,Syd,Kara-Lynn.Syd@yopmail.com,Kara-Lynn.Syd@gmail.com,police officer
890,Jany,Nisbet,Jany.Nisbet@yopmail.com,Jany.Nisbet@gmail.com,worker
891,Eadie,Carlson,Eadie.Carlson@yopmail.com,Eadie.Carlson@gmail.com,developer
892,Jillayne,Ackerley,Jillayne.Ackerley@yopmail.com,Jillayne.Ackerley@gmail.com,doctor
893,Carlie,Primalia,Carlie.Primalia@yopmail.com,Carlie.Primalia@gmail.com,worker
894,Latisha,Friede,Latisha.Friede@yopmail.com,Latisha.Friede@gmail.com,worker
895,Nannie,Ashely,Nannie.Ashely@yopmail.com,Nannie.Ashely@gmail.com,worker
896,Gavrielle,Fink,Gavrielle.Fink@yopmail.com,Gavrielle.Fink@gmail.com,firefighter
897,Briney,Tiffa,Briney.Tiffa@yopmail.com,Briney.Tiffa@gmail.com,worker
898,Ariela,Rosette,Ariela.Rosette@yopmail.com,Ariela.Rosette@gmail.com,doctor
899,Glynnis,Chick,Glynnis.Chick@yopmail.com,Glynnis.Chick@gmail.com,police officer
900,Blake,Poppy,Blake.Poppy@yopmail.com,Blake.Poppy@gmail.com,police officer
901,Marjie,Raama,Marjie.Raama@yopmail.com,Marjie.Raama@gmail.com,worker
902,Annice,Mullane,Annice.Mullane@yopmail.com,Annice.Mullane@gmail.com,developer
903,Fred,Joni,Fred.Joni@yopmail.com,Fred.Joni@gmail.com,worker
904,Charissa,Stacy,Charissa.Stacy@yopmail.com,Charissa.Stacy@gmail.com,developer
905,Tamqrah,Janene,Tamqrah.Janene@yopmail.com,Tamqrah.Janene@gmail.com,firefighter
906,Adelle,Toffic,Adelle.Toffic@yopmail.com,Adelle.Toffic@gmail.com,police officer
907,Mallory,Libna,Mallory.Libna@yopmail.com,Mallory.Libna@gmail.com,police officer
908,Phylis,Wilkinson,Phylis.Wilkinson@yopmail.com,Phylis.Wilkinson@gmail.com,police officer
909,Debee,Cristi,Debee.Cristi@yopmail.com,Debee.Cristi@gmail.com,developer
910,Miquela,Laverne,Miquela.Laverne@yopmail.com,Miquela.Laverne@gmail.com,developer
911,Paola,Hailee,Paola.Hailee@yopmail.com,Paola.Hailee@gmail.com,firefighter
912,Britni,Torray,Britni.Torray@yopmail.com,Britni.Torray@gmail.com,doctor
913,Cyb,Shaddock,Cyb.Shaddock@yopmail.com,Cyb.Shaddock@gmail.com,developer
914,Cathie,Noman,Cathie.Noman@yopmail.com,Cathie.Noman@gmail.com,firefighter
915,Kenna,Iaverne,Kenna.Iaverne@yopmail.com,Kenna.Iaverne@gmail.com,police officer
916,Flo,Gillan,Flo.Gillan@yopmail.com,Flo.Gillan@gmail.com,firefighter
917,Anallese,Ingra,Anallese.Ingra@yopmail.com,Anallese.Ingra@gmail.com,worker
918,Fernande,Maisey,Fernande.Maisey@yopmail.com,Fernande.Maisey@gmail.com,police officer
919,Celene,Elbertina,Celene.Elbertina@yopmail.com,Celene.Elbertina@gmail.com,doctor
920,Felice,Susannah,Felice.Susannah@yopmail.com,Felice.Susannah@gmail.com,police officer
921,Kellen,Liva,Kellen.Liva@yopmail.com,Kellen.Liva@gmail.com,developer
922,Ardys,Minetta,Ardys.Minetta@yopmail.com,Ardys.Minetta@gmail.com,doctor
923,Cyb,Serilda,Cyb.Serilda@yopmail.com,Cyb.Serilda@gmail.com,worker
924,Binny,Aldric,Binny.Aldric@yopmail.com,Binny.Aldric@gmail.com,developer
925,Rosabelle,Raychel,Rosabelle.Raychel@yopmail.com,Rosabelle.Raychel@gmail.com,doctor
926,Deloria,Fillbert,Deloria.Fillbert@yopmail.com,Deloria.Fillbert@gmail.com,police officer
927,Eugine,Gert,Eugine.Gert@yopmail.com,Eugine.Gert@gmail.com,firefighter
928,Peri,Susannah,Peri.Susannah@yopmail.com,Peri.Susannah@gmail.com,firefighter
929,Dede,Kat,Dede.Kat@yopmail.com,Dede.Kat@gmail.com,developer
930,Devina,Revkah,Devina.Revkah@yopmail.com,Devina.Revkah@gmail.com,developer
931,Henriette,Wilkinson,Henriette.Wilkinson@yopmail.com,Henriette.Wilkinson@gmail.com,firefighter
932,Penelopa,Therine,Penelopa.Therine@yopmail.com,Penelopa.Therine@gmail.com,firefighter
933,Marjie,Kare,Marjie.Kare@yopmail.com,Marjie.Kare@gmail.com,firefighter
934,Kaia,Jethro,Kaia.Jethro@yopmail.com,Kaia.Jethro@gmail.com,worker
935,Neila,Maroney,Neila.Maroney@yopmail.com,Neila.Maroney@gmail.com,police officer
936,Daune,Lorain,Daune.Lorain@yopmail.com,Daune.Lorain@gmail.com,developer
937,Lindie,Orlene,Lindie.Orlene@yopmail.com,Lindie.Orlene@gmail.com,doctor
938,Sherrie,Kimmie,Sherrie.Kimmie@yopmail.com,Sherrie.Kimmie@gmail.com,firefighter
939,Robbi,Palocz,Robbi.Palocz@yopmail.com,Robbi.Palocz@gmail.com,doctor
940,Kary,Craggie,Kary.Craggie@yopmail.com,Kary.Craggie@gmail.com,police officer
941,Gerianna,Latini,Gerianna.Latini@yopmail.com,Gerianna.Latini@gmail.com,worker
942,Ketti,Olnee,Ketti.Olnee@yopmail.com,Ketti.Olnee@gmail.com,doctor
943,Karolina,Ulphia,Karolina.Ulphia@yopmail.com,Karolina.Ulphia@gmail.com,police officer
944,Odessa,Stefa,Odessa.Stefa@yopmail.com,Odessa.Stefa@gmail.com,worker
945,Tarra,Tannie,Tarra.Tannie@yopmail.com,Tarra.Tannie@gmail.com,firefighter
946,Annabela,Fiann,Annabela.Fiann@yopmail.com,Annabela.Fiann@gmail.com,developer
947,Desirae,Thar,Desirae.Thar@yopmail.com,Desirae.Thar@gmail.com,developer
948,Celisse,Beniamino,Celisse.Beniamino@yopmail.com,Celisse.Beniamino@gmail.com,worker
949,Malina,Cutlerr,Malina.Cutlerr@yopmail.com,Malina.Cutlerr@gmail.com,worker
950,Kore,Ralfston,Kore.Ralfston@yopmail.com,Kore.Ralfston@gmail.com,developer
951,Gianina,Silvan,Gianina.Silvan@yopmail.com,Gianina.Silvan@gmail.com,firefighter
952,Tabbatha,Gaal,Tabbatha.Gaal@yopmail.com,Tabbatha.Gaal@gmail.com,police officer
953,Stacey,Stuart,Stacey.Stuart@yopmail.com,Stacey.Stuart@gmail.com,doctor
954,Annora,Velick,Annora.Velick@yopmail.com,Annora.Velick@gmail.com,worker
955,Orelia,Stav,Orelia.Stav@yopmail.com,Orelia.Stav@gmail.com,worker
956,Paulita,Pond,Paulita.Pond@yopmail.com,Paulita.Pond@gmail.com,police officer
957,Nyssa,Gemini,Nyssa.Gemini@yopmail.com,Nyssa.Gemini@gmail.com,doctor
958,Drucie,Shields,Drucie.Shields@yopmail.com,Drucie.Shields@gmail.com,doctor
959,Aaren,Corabella,Aaren.Corabella@yopmail.com,Aaren.Corabella@gmail.com,worker
960,Nollie,Douglass,Nollie.Douglass@yopmail.com,Nollie.Douglass@gmail.com,police officer
961,Dione,Trinetta,Dione.Trinetta@yopmail.com,Dione.Trinetta@gmail.com,firefighter
962,Addia,Timon,Addia.Timon@yopmail.com,Addia.Timon@gmail.com,developer
963,Wilma,Swigart,Wilma.Swigart@yopmail.com,Wilma.Swigart@gmail.com,firefighter
964,Nonnah,Hepsibah,Nonnah.Hepsibah@yopmail.com,Nonnah.Hepsibah@gmail.com,worker
965,Paule,Marijo,Paule.Marijo@yopmail.com,Paule.Marijo@gmail.com,developer
966,Moyna,Reneta,Moyna.Reneta@yopmail.com,Moyna.Reneta@gmail.com,worker
967,Deirdre,Stephie,Deirdre.Stephie@yopmail.com,Deirdre.Stephie@gmail.com,developer
968,Marcy,Shirberg,Marcy.Shirberg@yopmail.com,Marcy.Shirberg@gmail.com,worker
969,Justinn,Middleton,Justinn.Middleton@yopmail.com,Justinn.Middleton@gmail.com,developer
970,Marguerite,Virgin,Marguerite.Virgin@yopmail.com,Marguerite.Virgin@gmail.com,police officer
971,Barbara,Berriman,Barbara.Berriman@yopmail.com,Barbara.Berriman@gmail.com,police officer
972,Georgina,Kat,Georgina.Kat@yopmail.com,Georgina.Kat@gmail.com,developer
973,Angelique,Seagraves,Angelique.Seagraves@yopmail.com,Angelique.Seagraves@gmail.com,doctor
974,Selia,Hoban,Selia.Hoban@yopmail.com,Selia.Hoban@gmail.com,worker
975,Neila,Ariella,Neila.Ariella@yopmail.com,Neila.Ariella@gmail.com,worker
976,Anthia,Hedve,Anthia.Hedve@yopmail.com,Anthia.Hedve@gmail.com,police officer
977,Sandie,Ajay,Sandie.Ajay@yopmail.com,Sandie.Ajay@gmail.com,worker
978,Gerianna,Hortensia,Gerianna.Hortensia@yopmail.com,Gerianna.Hortensia@gmail.com,firefighter
979,Layla,Fabiola,Layla.Fabiola@yopmail.com,Layla.Fabiola@gmail.com,developer
980,Cristabel,Colyer,Cristabel.Colyer@yopmail.com,Cristabel.Colyer@gmail.com,doctor
981,Lorne,Durware,Lorne.Durware@yopmail.com,Lorne.Durware@gmail.com,worker
982,Marleah,Prouty,Marleah.Prouty@yopmail.com,Marleah.Prouty@gmail.com,doctor
983,June,Yam,June.Yam@yopmail.com,June.Yam@gmail.com,firefighter
984,Fayre,Dorothy,Fayre.Dorothy@yopmail.com,Fayre.Dorothy@gmail.com,developer
985,Gwenneth,Aloise,Gwenneth.Aloise@yopmail.com,Gwenneth.Aloise@gmail.com,worker
986,Cam,Kellby,Cam.Kellby@yopmail.com,Cam.Kellby@gmail.com,police officer
987,Codie,Idelia,Codie.Idelia@yopmail.com,Codie.Idelia@gmail.com,developer
988,Vevay,Armanda,Vevay.Armanda@yopmail.com,Vevay.Armanda@gmail.com,police officer
989,Cindelyn,Blake,Cindelyn.Blake@yopmail.com,Cindelyn.Blake@gmail.com,worker
990,Ginnie,Destinee,Ginnie.Destinee@yopmail.com,Ginnie.Destinee@gmail.com,worker
991,Deedee,Hashim,Deedee.Hashim@yopmail.com,Deedee.Hashim@gmail.com,developer
992,Gwyneth,Keily,Gwyneth.Keily@yopmail.com,Gwyneth.Keily@gmail.com,police officer
993,Mireielle,Tamsky,Mireielle.Tamsky@yopmail.com,Mireielle.Tamsky@gmail.com,police officer
994,Maryellen,Stilwell,Maryellen.Stilwell@yopmail.com,Maryellen.Stilwell@gmail.com,doctor
995,Fanny,Ferrell,Fanny.Ferrell@yopmail.com,Fanny.Ferrell@gmail.com,developer
996,Max,Skell,Max.Skell@yopmail.com,Max.Skell@gmail.com,developer
997,Cissiee,Vorster,Cissiee.Vorster@yopmail.com,Cissiee.Vorster@gmail.com,worker
998,Dania,Germann,Dania.Germann@yopmail.com,Dania.Germann@gmail.com,developer
999,Leanna,Center,Leanna.Center@yopmail.com,Leanna.Center@gmail.com,police officer
1000,Almeta,Japeth,Almeta.Japeth@yopmail.com,Almeta.Japeth@gmail.com,worker
1001,Aubrie,Shama,Aubrie.Shama@yopmail.com,Aubrie.Shama@gmail.com,firefighter
1002,Teriann,Anselmi,Teriann.Anselmi@yopmail.com,Teriann.Anselmi@gmail.com,developer
1003,Marjie,Diann,Marjie.Diann@yopmail.com,Marjie.Diann@gmail.com,police officer
1004,Roseline,Maiah,Roseline.Maiah@yopmail.com,Roseline.Maiah@gmail.com,worker
1005,Barbi,Hull,Barbi.Hull@yopmail.com,Barbi.Hull@gmail.com,police officer
1006,Selia,Ade,Selia.Ade@yopmail.com,Selia.Ade@gmail.com,police officer
1007,Kalina,Douglass,Kalina.Douglass@yopmail.com,Kalina.Douglass@gmail.com,worker
1008,Libbie,Yusuk,Libbie.Yusuk@yopmail.com,Libbie.Yusuk@gmail.com,doctor
1009,Joelly,Milson,Joelly.Milson@yopmail.com,Joelly.Milson@gmail.com,developer
1010,Cathie,Auberbach,Cathie.Auberbach@yopmail.com,Cathie.Auberbach@gmail.com,developer
1011,Dorene,Guildroy,Dorene.Guildroy@yopmail.com,Dorene.Guildroy@gmail.com,doctor
1012,Joleen,Faso,Joleen.Faso@yopmail.com,Joleen.Faso@gmail.com,doctor
1013,Jaime,Jaylene,Jaime.Jaylene@yopmail.com,Jaime.Jaylene@gmail.com,doctor
1014,Dari,Bluh,Dari.Bluh@yopmail.com,Dari.Bluh@gmail.com,doctor
1015,Mellicent,Delp,Mellicent.Delp@yopmail.com,Mellicent.Delp@gmail.com,doctor
1016,Aurore,Cressida,Aurore.Cressida@yopmail.com,Aurore.Cressida@gmail.com,firefighter
1017,Belinda,Kelula,Belinda.Kelula@yopmail.com,Belinda.Kelula@gmail.com,worker
1018,Jenda,Susannah,Jenda.Susannah@yopmail.com,Jenda.Susannah@gmail.com,firefighter
1019,Binny,Haldas,Binny.Haldas@yopmail.com,Binny.Haldas@gmail.com,developer
1020,Nicoli,Bobbee,Nicoli.Bobbee@yopmail.com,Nicoli.Bobbee@gmail.com,doctor
1021,Barbara,Knowling,Barbara.Knowling@yopmail.com,Barbara.Knowling@gmail.com,police officer
1022,Madelle,Gemini,Madelle.Gemini@yopmail.com,Madelle.Gemini@gmail.com,worker
1023,Merci,Sadowski,Merci.Sadowski@yopmail.com,Merci.Sadowski@gmail.com,police officer
1024,Chere,Jammal,Chere.Jammal@yopmail.com,Chere.Jammal@gmail.com,developer
1025,Berget,Dawkins,Berget.Dawkins@yopmail.com,Berget.Dawkins@gmail.com,firefighter
1026,Elka,Lamoree,Elka.Lamoree@yopmail.com,Elka.Lamoree@gmail.com,developer
1027,Anthia,Aurelio,Anthia.Aurelio@yopmail.com,Anthia.Aurelio@gmail.com,police officer
1028,Anestassia,Reneta,Anestassia.Reneta@yopmail.com,Anestassia.Reneta@gmail.com,worker
1029,Darlleen,Doig,Darlleen.Doig@yopmail.com,Darlleen.Doig@gmail.com,worker
1030,Queenie,Klemperer,Queenie.Klemperer@yopmail.com,Queenie.Klemperer@gmail.com,worker
1031,Arlena,Clywd,Arlena.Clywd@yopmail.com,Arlena.Clywd@gmail.com,firefighter
1032,Tami,Myrilla,Tami.Myrilla@yopmail.com,Tami.Myrilla@gmail.com,police officer
1033,June,Hazlett,June.Hazlett@yopmail.com,June.Hazlett@gmail.com,developer
1034,Lonnie,Croix,Lonnie.Croix@yopmail.com,Lonnie.Croix@gmail.com,police officer
1035,Tatiania,Tacye,Tatiania.Tacye@yopmail.com,Tatiania.Tacye@gmail.com,worker
1036,Paulita,Mandler,Paulita.Mandler@yopmail.com,Paulita.Mandler@gmail.com,doctor
1037,Sonni,Helfand,Sonni.Helfand@yopmail.com,Sonni.Helfand@gmail.com,firefighter
1038,Roslyn,Rurik,Roslyn.Rurik@yopmail.com,Roslyn.Rurik@gmail.com,doctor
1039,Celestyna,Tamsky,Celestyna.Tamsky@yopmail.com,Celestyna.Tamsky@gmail.com,doctor
1040,Kore,Romelda,Kore.Romelda@yopmail.com,Kore.Romelda@gmail.com,police officer
1041,Theodora,Rona,Theodora.Rona@yopmail.com,Theodora.Rona@gmail.com,firefighter
1042,Jerry,Cutlerr,Jerry.Cutlerr@yopmail.com,Jerry.Cutlerr@gmail.com,police officer
1043,Rochette,Taima,Rochette.Taima@yopmail.com,Rochette.Taima@gmail.com,firefighter
1044,Sadie,Swanhildas,Sadie.Swanhildas@yopmail.com,Sadie.Swanhildas@gmail.com,worker
1045,Emelina,Sandye,Emelina.Sandye@yopmail.com,Emelina.Sandye@gmail.com,worker
1046,Gwenneth,Tiffa,Gwenneth.Tiffa@yopmail.com,Gwenneth.Tiffa@gmail.com,developer
1047,Alexine,Concha,Alexine.Concha@yopmail.com,Alexine.Concha@gmail.com,doctor
1048,Anthia,Si,Anthia.Si@yopmail.com,Anthia.Si@gmail.com,firefighter
1049,Esmeralda,Talia,Esmeralda.Talia@yopmail.com,Esmeralda.Talia@gmail.com,worker
1050,Dari,Kauppi,Dari.Kauppi@yopmail.com,Dari.Kauppi@gmail.com,firefighter
1051,Jerry,Barney,Jerry.Barney@yopmail.com,Jerry.Barney@gmail.com,worker
1052,Mignon,Shuler,Mignon.Shuler@yopmail.com,Mignon.Shuler@gmail.com,police officer
1053,Elka,Brackely,Elka.Brackely@yopmail.com,Elka.Brackely@gmail.com,firefighter
1054,Mahalia,Kiersten,Mahalia.Kiersten@yopmail.com,Mahalia.Kiersten@gmail.com,firefighter
1055,Cissiee,Demitria,Cissiee.Demitria@yopmail.com,Cissiee.Demitria@gmail.com,worker
1056,Elfreda,Chandler,Elfreda.Chandler@yopmail.com,Elfreda.Chandler@gmail.com,police officer
1057,Quintina,Yusuk,Quintina.Yusuk@yopmail.com,Quintina.Yusuk@gmail.com,doctor
1058,Agnese,Lia,Agnese.Lia@yopmail.com,Agnese.Lia@gmail.com,firefighter
1059,Hannis,Lissi,Hannis.Lissi@yopmail.com,Hannis.Lissi@gmail.com,police officer
1060,Elena,Hepsibah,Elena.Hepsibah@yopmail.com,Elena.Hepsibah@gmail.com,developer
1061,Annice,Ax,Annice.Ax@yopmail.com,Annice.Ax@gmail.com,doctor
1062,Cherrita,LaRue,Cherrita.LaRue@yopmail.com,Cherrita.LaRue@gmail.com,doctor
1063,Brietta,Abernon,Brietta.Abernon@yopmail.com,Brietta.Abernon@gmail.com,firefighter
1064,Libbie,Dyche,Libbie.Dyche@yopmail.com,Libbie.Dyche@gmail.com,firefighter
1065,Daune,Olympium,Daune.Olympium@yopmail.com,Daune.Olympium@gmail.com,doctor
1066,Briney,Carey,Briney.Carey@yopmail.com,Briney.Carey@gmail.com,worker
1067,Maridel,Tomasina,Maridel.Tomasina@yopmail.com,Maridel.Tomasina@gmail.com,worker
1068,Shaylyn,Adamsen,Shaylyn.Adamsen@yopmail.com,Shaylyn.Adamsen@gmail.com,firefighter
1069,Eve,Yerkovich,Eve.Yerkovich@yopmail.com,Eve.Yerkovich@gmail.com,firefighter
1070,Ada,Bertold,Ada.Bertold@yopmail.com,Ada.Bertold@gmail.com,firefighter
1071,Adriana,Gaal,Adriana.Gaal@yopmail.com,Adriana.Gaal@gmail.com,doctor
1072,Annora,Dosia,Annora.Dosia@yopmail.com,Annora.Dosia@gmail.com,worker
1073,Steffane,Bivins,Steffane.Bivins@yopmail.com,Steffane.Bivins@gmail.com,firefighter
1074,Lynnea,LaRue,Lynnea.LaRue@yopmail.com,Lynnea.LaRue@gmail.com,doctor
1075,Krystle,Cosenza,Krystle.Cosenza@yopmail.com,Krystle.Cosenza@gmail.com,police officer
1076,Alex,My,Alex.My@yopmail.com,Alex.My@gmail.com,developer
1077,Annice,Rocray,Annice.Rocray@yopmail.com,Annice.Rocray@gmail.com,police officer
1078,Lacie,Sholley,Lacie.Sholley@yopmail.com,Lacie.Sholley@gmail.com,developer
1079,Gusty,Vastah,Gusty.Vastah@yopmail.com,Gusty.Vastah@gmail.com,police officer
1080,Hollie,Pattin,Hollie.Pattin@yopmail.com,Hollie.Pattin@gmail.com,firefighter
1081,Andeee,Ramona,Andeee.Ramona@yopmail.com,Andeee.Ramona@gmail.com,doctor
1082,Nariko,Claudine,Nariko.Claudine@yopmail.com,Nariko.Claudine@gmail.com,police officer
1083,Carmela,Kiyoshi,Carmela.Kiyoshi@yopmail.com,Carmela.Kiyoshi@gmail.com,worker
1084,Modestia,Caitlin,Modestia.Caitlin@yopmail.com,Modestia.Caitlin@gmail.com,firefighter
1085,Lusa,Bebe,Lusa.Bebe@yopmail.com,Lusa.Bebe@gmail.com,firefighter
1086,Morganica,Jacqui,Morganica.Jacqui@yopmail.com,Morganica.Jacqui@gmail.com,police officer
1087,Joceline,Ax,Joceline.Ax@yopmail.com,Joceline.Ax@gmail.com,developer
1088,Clementine,Fax,Clementine.Fax@yopmail.com,Clementine.Fax@gmail.com,developer
1089,Frieda,Nea,Frieda.Nea@yopmail.com,Frieda.Nea@gmail.com,developer
1090,Rayna,Tound,Rayna.Tound@yopmail.com,Rayna.Tound@gmail.com,developer
1091,Leona,Rurik,Leona.Rurik@yopmail.com,Leona.Rurik@gmail.com,firefighter
1092,Jany,Trinetta,Jany.Trinetta@yopmail.com,Jany.Trinetta@gmail.com,doctor
1093,Joeann,Nedrud,Joeann.Nedrud@yopmail.com,Joeann.Nedrud@gmail.com,police officer
1094,Marsiella,Jess,Marsiella.Jess@yopmail.com,Marsiella.Jess@gmail.com,police officer
1095,Fred,Lalitta,Fred.Lalitta@yopmail.com,Fred.Lalitta@gmail.com,worker
1096,Tonia,Cleo,Tonia.Cleo@yopmail.com,Tonia.Cleo@gmail.com,developer
1097,Fawne,Erskine,Fawne.Erskine@yopmail.com,Fawne.Erskine@gmail.com,doctor
1098,Riannon,Graig,Riannon.Graig@yopmail.com,Riannon.Graig@gmail.com,police officer
1099,Renie,Radu,Renie.Radu@yopmail.com,Renie.Radu@gmail.com,doctor